n,t_seconds,measured_value
0,0.0,0.0
1,0.0001,0.0145
2,0.0002,0.0158
3,0.0003,0.0166
4,0.0004,0.033
5,0.0005,0.0349
6,0.0006,0.0605
7,0.0007,0.0896
8,0.0008,0.072
9,0.0009,0.0799
10,0.001,0.1064
11,0.0011,0.1142
12,0.0012,0.1202
13,0.0013,0.1144
14,0.0014,0.1376
15,0.0015,0.1582
16,0.0016,0.1373
17,0.0017,0.1603
18,0.0018,0.1483
19,0.0019,0.1671
20,0.002,0.1684
21,0.0021,0.2021
22,0.0022,0.1962
23,0.0023,0.2289
24,0.0024,0.2367
25,0.0025,0.241
26,0.0026,0.2156
27,0.0027,0.2548
28,0.0028,0.2716
29,0.0029,0.2834
30,0.003,0.2682
31,0.0031,0.2934
32,0.0032,0.2953
33,0.0033,0.3072
34,0.0034,0.3446
35,0.0035,0.3259
36,0.0036,0.3469
37,0.0037,0.3699
38,0.0038,0.3572
39,0.0039,0.3735
40,0.004,0.3861
41,0.0041,0.3946
42,0.0042,0.3845
43,0.0043,0.4132
44,0.0044,0.4416
45,0.0045,0.4071
46,0.0046,0.4524
47,0.0047,0.4504
48,0.0048,0.4481
49,0.0049,0.4968
50,0.005,0.4872
51,0.0051,0.4669
52,0.0052,0.495
53,0.0053,0.5115
54,0.0054,0.509
55,0.0055,0.5311
56,0.0056,0.5288
57,0.0057,0.5487
58,0.0058,0.5692
59,0.0059,0.5464
60,0.006,0.5684
61,0.0061,0.5673
62,0.0062,0.585
63,0.0063,0.5741
64,0.0064,0.592
65,0.0065,0.6066
66,0.0066,0.6318
67,0.0067,0.6442
68,0.0068,0.6159
69,0.0069,0.6326
70,0.007,0.6629
71,0.0071,0.632
72,0.0072,0.6636
73,0.0073,0.6778
74,0.0074,0.7067
75,0.0075,0.7068
76,0.0076,0.7002
77,0.0077,0.7081
78,0.0078,0.7185
79,0.0079,0.7536
80,0.008,0.7329
81,0.0081,0.7432
82,0.0082,0.7616
83,0.0083,0.763
84,0.0084,0.7703
85,0.0085,0.765
86,0.0086,0.7899
87,0.0087,0.7919
88,0.0088,0.8244
89,0.0089,0.8251
90,0.009,0.8233
91,0.0091,0.842
92,0.0092,0.8352
93,0.0093,0.8644
94,0.0094,0.8568
95,0.0095,0.874
96,0.0096,0.8541
97,0.0097,0.8869
98,0.0098,0.8646
99,0.0099,0.8676
100,0.01,0.9018
101,0.0101,0.901
102,0.0102,0.9251
103,0.0103,0.9645
104,0.0104,0.9265
105,0.0105,0.9377
106,0.0106,0.9583
107,0.0107,0.9707
108,0.0108,0.9687
109,0.0109,0.9763
110,0.011,0.9979
111,0.0111,1.0032
112,0.0112,0.9879
113,0.0113,1.0102
114,0.0114,1.0199
115,0.0115,1.0115
116,0.0116,1.0392
117,0.0117,1.0303
118,0.0118,1.0657
119,0.0119,1.0619
120,0.012,1.0682
121,0.0121,1.0659
122,0.0122,1.0808
123,0.0123,1.0604
124,0.0124,1.0812
125,0.0125,1.1114
126,0.0126,1.0818
127,0.0127,1.1342
128,0.0128,1.1031
129,0.0129,1.1484
130,0.013,1.1321
131,0.0131,1.1641
132,0.0132,1.1621
133,0.0133,1.1448
134,0.0134,1.1942
135,0.0135,1.2047
136,0.0136,1.1897
137,0.0137,1.1942
138,0.0138,1.2035
139,0.0139,1.1989
140,0.014,1.2376
141,0.0141,1.2205
142,0.0142,1.2354
143,0.0143,1.2318
144,0.0144,1.2418
145,0.0145,1.2395
146,0.0146,1.285
147,0.0147,1.2713
148,0.0148,1.2956
149,0.0149,1.2887
150,0.015,1.2855
151,0.0151,1.2984
152,0.0152,1.3023
153,0.0153,1.3182
154,0.0154,1.3198
155,0.0155,1.3283
156,0.0156,1.3194
157,0.0157,1.3353
158,0.0158,1.3795
159,0.0159,1.3519
160,0.016,1.3534
161,0.0161,1.3816
162,0.0162,1.4049
163,0.0163,1.3692
164,0.0164,1.3951
165,0.0165,1.3959
166,0.0166,1.3861
167,0.0167,1.4308
168,0.0168,1.4265
169,0.0169,1.4351
170,0.017,1.4299
171,0.0171,1.4551
172,0.0172,1.4473
173,0.0173,1.4603
174,0.0174,1.4529
175,0.0175,1.4583
176,0.0176,1.5036
177,0.0177,1.483
178,0.0178,1.502
179,0.0179,1.5041
180,0.018,1.505
181,0.0181,1.511
182,0.0182,1.535
183,0.0183,1.528
184,0.0184,1.5371
185,0.0185,1.5467
186,0.0186,1.5709
187,0.0187,1.5703
188,0.0188,1.5727
189,0.0189,1.5654
190,0.019,1.56
191,0.0191,1.6018
192,0.0192,1.6088
193,0.0193,1.599
194,0.0194,1.6161
195,0.0195,1.6264
196,0.0196,1.6339
197,0.0197,1.6421
198,0.0198,1.6281
199,0.0199,1.6644
200,0.02,1.6297
201,0.0201,1.668
202,0.0202,1.6692
203,0.0203,1.6816
204,0.0204,1.7033
205,0.0205,1.704
206,0.0206,1.6712
207,0.0207,1.6697
208,0.0208,1.7139
209,0.0209,1.693
210,0.021,1.7146
211,0.0211,1.7339
212,0.0212,1.7032
213,0.0213,1.7028
214,0.0214,1.7448
215,0.0215,1.7481
216,0.0216,1.7503
217,0.0217,1.761
218,0.0218,1.754
219,0.0219,1.7507
220,0.022,1.7773
221,0.0221,1.7717
222,0.0222,1.768
223,0.0223,1.8067
224,0.0224,1.8046
225,0.0225,1.818
226,0.0226,1.8034
227,0.0227,1.8147
228,0.0228,1.8159
229,0.0229,1.824
230,0.023,1.8465
231,0.0231,1.8381
232,0.0232,1.8615
233,0.0233,1.8676
234,0.0234,1.8991
235,0.0235,1.8541
236,0.0236,1.8946
237,0.0237,1.8861
238,0.0238,1.8935
239,0.0239,1.8781
240,0.024,1.8992
241,0.0241,1.9234
242,0.0242,1.9172
243,0.0243,1.9258
244,0.0244,1.9264
245,0.0245,1.9542
246,0.0246,1.9427
247,0.0247,1.9161
248,0.0248,1.9448
249,0.0249,1.9317
250,0.025,1.9186
251,0.0251,1.9655
252,0.0252,1.9995
253,0.0253,1.9862
254,0.0254,1.9739
255,0.0255,1.9834
256,0.0256,2.0205
257,0.0257,2.0119
258,0.0258,2.0162
259,0.0259,2.0206
260,0.026,2.028
261,0.0261,2.0454
262,0.0262,2.0476
263,0.0263,2.0484
264,0.0264,2.0354
265,0.0265,2.0646
266,0.0266,2.0526
267,0.0267,2.0851
268,0.0268,2.0555
269,0.0269,2.0784
270,0.027,2.0861
271,0.0271,2.0722
272,0.0272,2.1237
273,0.0273,2.1256
274,0.0274,2.1025
275,0.0275,2.1268
276,0.0276,2.1267
277,0.0277,2.0876
278,0.0278,2.1363
279,0.0279,2.1373
280,0.028,2.1452
281,0.0281,2.1335
282,0.0282,2.1513
283,0.0283,2.1584
284,0.0284,2.1845
285,0.0285,2.1774
286,0.0286,2.1779
287,0.0287,2.2066
288,0.0288,2.181
289,0.0289,2.1891
290,0.029,2.1733
291,0.0291,2.2296
292,0.0292,2.2261
293,0.0293,2.231
294,0.0294,2.2328
295,0.0295,2.23
296,0.0296,2.2371
297,0.0297,2.2356
298,0.0298,2.2419
299,0.0299,2.2513
300,0.03,2.2786
301,0.0301,2.2698
302,0.0302,2.266
303,0.0303,2.2637
304,0.0304,2.2683
305,0.0305,2.3073
306,0.0306,2.2963
307,0.0307,2.2951
308,0.0308,2.2943
309,0.0309,2.2883
310,0.031,2.3093
311,0.0311,2.3288
312,0.0312,2.3151
313,0.0313,2.323
314,0.0314,2.3284
315,0.0315,2.3387
316,0.0316,2.3185
317,0.0317,2.3441
318,0.0318,2.3402
319,0.0319,2.3715
320,0.032,2.352
321,0.0321,2.3775
322,0.0322,2.3969
323,0.0323,2.3746
324,0.0324,2.3755
325,0.0325,2.3926
326,0.0326,2.395
327,0.0327,2.3853
328,0.0328,2.4123
329,0.0329,2.4408
330,0.033,2.4119
331,0.0331,2.4179
332,0.0332,2.4104
333,0.0333,2.436
334,0.0334,2.4176
335,0.0335,2.4249
336,0.0336,2.4658
337,0.0337,2.4381
338,0.0338,2.473
339,0.0339,2.4847
340,0.034,2.4708
341,0.0341,2.4803
342,0.0342,2.5063
343,0.0343,2.4791
344,0.0344,2.4782
345,0.0345,2.4718
346,0.0346,2.4978
347,0.0347,2.5243
348,0.0348,2.5215
349,0.0349,2.498
350,0.035,2.5042
351,0.0351,2.5145
352,0.0352,2.5314
353,0.0353,2.5288
354,0.0354,2.5401
355,0.0355,2.5462
356,0.0356,2.5422
357,0.0357,2.551
358,0.0358,2.5596
359,0.0359,2.5601
360,0.036,2.5738
361,0.0361,2.5992
362,0.0362,2.5848
363,0.0363,2.5816
364,0.0364,2.5603
365,0.0365,2.5963
366,0.0366,2.5661
367,0.0367,2.5789
368,0.0368,2.6177
369,0.0369,2.6202
370,0.037,2.6122
371,0.0371,2.5935
372,0.0372,2.6184
373,0.0373,2.6185
374,0.0374,2.643
375,0.0375,2.672
376,0.0376,2.6461
377,0.0377,2.6359
378,0.0378,2.6347
379,0.0379,2.6561
380,0.038,2.659
381,0.0381,2.6491
382,0.0382,2.6727
383,0.0383,2.6584
384,0.0384,2.697
385,0.0385,2.7009
386,0.0386,2.7058
387,0.0387,2.6871
388,0.0388,2.7065
389,0.0389,2.7014
390,0.039,2.7021
391,0.0391,2.7075
392,0.0392,2.6976
393,0.0393,2.7
394,0.0394,2.7381
395,0.0395,2.7279
396,0.0396,2.7386
397,0.0397,2.7549
398,0.0398,2.7184
399,0.0399,2.7371
400,0.04,2.756
401,0.0401,2.7637
402,0.0402,2.7567
403,0.0403,2.7822
404,0.0404,2.7744
405,0.0405,2.7575
406,0.0406,2.7662
407,0.0407,2.7967
408,0.0408,2.796
409,0.0409,2.7649
410,0.041,2.8181
411,0.0411,2.8112
412,0.0412,2.8268
413,0.0413,2.8053
414,0.0414,2.811
415,0.0415,2.8029
416,0.0416,2.8622
417,0.0417,2.8258
418,0.0418,2.8566
419,0.0419,2.8274
420,0.042,2.8439
421,0.0421,2.8207
422,0.0422,2.8443
423,0.0423,2.8691
424,0.0424,2.8399
425,0.0425,2.879
426,0.0426,2.8723
427,0.0427,2.8558
428,0.0428,2.8682
429,0.0429,2.8731
430,0.043,2.8834
431,0.0431,2.8804
432,0.0432,2.8802
433,0.0433,2.8923
434,0.0434,2.8856
435,0.0435,2.8859
436,0.0436,2.9087
437,0.0437,2.9268
438,0.0438,2.8948
439,0.0439,2.922
440,0.044,2.9163
441,0.0441,2.9156
442,0.0442,2.9472
443,0.0443,2.9307
444,0.0444,2.9651
445,0.0445,2.935
446,0.0446,2.9566
447,0.0447,2.9515
448,0.0448,2.9477
449,0.0449,2.9719
450,0.045,2.9648
451,0.0451,2.9803
452,0.0452,2.9746
453,0.0453,2.963
454,0.0454,2.9818
455,0.0455,2.9882
456,0.0456,3.0058
457,0.0457,2.9818
458,0.0458,2.9988
459,0.0459,2.9776
460,0.046,3.0172
461,0.0461,2.9952
462,0.0462,2.9883
463,0.0463,3.0184
464,0.0464,3.0399
465,0.0465,3.0044
466,0.0466,3.0149
467,0.0467,3.024
468,0.0468,3.0221
469,0.0469,3.0486
470,0.047,3.0348
471,0.0471,3.0399
472,0.0472,3.0634
473,0.0473,3.0472
474,0.0474,3.0689
475,0.0475,3.0517
476,0.0476,3.052
477,0.0477,3.0465
478,0.0478,3.1058
479,0.0479,3.0769
480,0.048,3.0892
481,0.0481,3.0889
482,0.0482,3.0956
483,0.0483,3.0977
484,0.0484,3.1294
485,0.0485,3.089
486,0.0486,3.085
487,0.0487,3.097
488,0.0488,3.0959
489,0.0489,3.1309
490,0.049,3.1358
491,0.0491,3.1128
492,0.0492,3.1101
493,0.0493,3.1293
494,0.0494,3.1593
495,0.0495,3.0998
496,0.0496,3.1537
497,0.0497,3.1334
498,0.0498,3.1688
499,0.0499,3.1408
500,0.05,3.1563
501,0.0501,3.1417
502,0.0502,3.1533
503,0.0503,3.1924
504,0.0504,3.1876
505,0.0505,3.1729
506,0.0506,3.1695
507,0.0507,3.1578
508,0.0508,3.1839
509,0.0509,3.193
510,0.051,3.1958
511,0.0511,3.1992
512,0.0512,3.1874
513,0.0513,3.2068
514,0.0514,3.2108
515,0.0515,3.2343
516,0.0516,3.2465
517,0.0517,3.22
518,0.0518,3.2141
519,0.0519,3.2282
520,0.052,3.2236
521,0.0521,3.2251
522,0.0522,3.2389
523,0.0523,3.2276
524,0.0524,3.2559
525,0.0525,3.2488
526,0.0526,3.2576
527,0.0527,3.2546
528,0.0528,3.2499
529,0.0529,3.25
530,0.053,3.2642
531,0.0531,3.263
532,0.0532,3.2781
533,0.0533,3.278
534,0.0534,3.2611
535,0.0535,3.286
536,0.0536,3.2682
537,0.0537,3.2826
538,0.0538,3.2908
539,0.0539,3.2675
540,0.054,3.3034
541,0.0541,3.3077
542,0.0542,3.3064
543,0.0543,3.3058
544,0.0544,3.3099
545,0.0545,3.3043
546,0.0546,3.3182
547,0.0547,3.3173
548,0.0548,3.3303
549,0.0549,3.3143
550,0.055,3.3392
551,0.0551,3.3411
552,0.0552,3.3402
553,0.0553,3.339
554,0.0554,3.3572
555,0.0555,3.3272
556,0.0556,3.3624
557,0.0557,3.3624
558,0.0558,3.3663
559,0.0559,3.3711
560,0.056,3.3588
561,0.0561,3.368
562,0.0562,3.3847
563,0.0563,3.3848
564,0.0564,3.3847
565,0.0565,3.3621
566,0.0566,3.3961
567,0.0567,3.4088
568,0.0568,3.4096
569,0.0569,3.4012
570,0.057,3.3775
571,0.0571,3.4182
572,0.0572,3.4051
573,0.0573,3.3725
574,0.0574,3.4193
575,0.0575,3.3944
576,0.0576,3.4005
577,0.0577,3.4136
578,0.0578,3.4454
579,0.0579,3.4239
580,0.058,3.4366
581,0.0581,3.4619
582,0.0582,3.4627
583,0.0583,3.4404
584,0.0584,3.4414
585,0.0585,3.4293
586,0.0586,3.4408
587,0.0587,3.4607
588,0.0588,3.4634
589,0.0589,3.4622
590,0.059,3.4785
591,0.0591,3.4551
592,0.0592,3.4689
593,0.0593,3.4838
594,0.0594,3.4846
595,0.0595,3.495
596,0.0596,3.4879
597,0.0597,3.4803
598,0.0598,3.4934
599,0.0599,3.476
600,0.06,3.4694
601,0.0601,3.5057
602,0.0602,3.4992
603,0.0603,3.5077
604,0.0604,3.4806
605,0.0605,3.5035
606,0.0606,3.503
607,0.0607,3.502
608,0.0608,3.4841
609,0.0609,3.5159
610,0.061,3.5373
611,0.0611,3.5325
612,0.0612,3.5207
613,0.0613,3.5325
614,0.0614,3.547
615,0.0615,3.4971
616,0.0616,3.5396
617,0.0617,3.5525
618,0.0618,3.5575
619,0.0619,3.5757
620,0.062,3.5701
621,0.0621,3.5607
622,0.0622,3.5634
623,0.0623,3.5735
624,0.0624,3.5565
625,0.0625,3.5669
626,0.0626,3.5839
627,0.0627,3.6026
628,0.0628,3.5737
629,0.0629,3.5782
630,0.063,3.5847
631,0.0631,3.6047
632,0.0632,3.5869
633,0.0633,3.6123
634,0.0634,3.5785
635,0.0635,3.5931
636,0.0636,3.5957
637,0.0637,3.6132
638,0.0638,3.6199
639,0.0639,3.5844
640,0.064,3.5961
641,0.0641,3.6176
642,0.0642,3.6055
643,0.0643,3.5953
644,0.0644,3.6365
645,0.0645,3.6311
646,0.0646,3.6338
647,0.0647,3.622
648,0.0648,3.6473
649,0.0649,3.631
650,0.065,3.6538
651,0.0651,3.6264
652,0.0652,3.63
653,0.0653,3.6486
654,0.0654,3.6377
655,0.0655,3.661
656,0.0656,3.6575
657,0.0657,3.6424
658,0.0658,3.6601
659,0.0659,3.6564
660,0.066,3.6781
661,0.0661,3.6575
662,0.0662,3.6631
663,0.0663,3.6905
664,0.0664,3.7085
665,0.0665,3.7076
666,0.0666,3.6812
667,0.0667,3.6862
668,0.0668,3.7085
669,0.0669,3.6863
670,0.067,3.6761
671,0.0671,3.6951
672,0.0672,3.7028
673,0.0673,3.6862
674,0.0674,3.6765
675,0.0675,3.6822
676,0.0676,3.7164
677,0.0677,3.6976
678,0.0678,3.7094
679,0.0679,3.7173
680,0.068,3.726
681,0.0681,3.7142
682,0.0682,3.7293
683,0.0683,3.711
684,0.0684,3.7215
685,0.0685,3.7141
686,0.0686,3.749
687,0.0687,3.7341
688,0.0688,3.726
689,0.0689,3.7343
690,0.069,3.7388
691,0.0691,3.7551
692,0.0692,3.7232
693,0.0693,3.7341
694,0.0694,3.7465
695,0.0695,3.7926
696,0.0696,3.7714
697,0.0697,3.7579
698,0.0698,3.7728
699,0.0699,3.7954
700,0.07,3.7635
701,0.0701,3.764
702,0.0702,3.7901
703,0.0703,3.7818
704,0.0704,3.7869
705,0.0705,3.7717
706,0.0706,3.8106
707,0.0707,3.8098
708,0.0708,3.7951
709,0.0709,3.7993
710,0.071,3.761
711,0.0711,3.8034
712,0.0712,3.7933
713,0.0713,3.8052
714,0.0714,3.8113
715,0.0715,3.7983
716,0.0716,3.7805
717,0.0717,3.8138
718,0.0718,3.7995
719,0.0719,3.808
720,0.072,3.8063
721,0.0721,3.8126
722,0.0722,3.7854
723,0.0723,3.8407
724,0.0724,3.8286
725,0.0725,3.8438
726,0.0726,3.8592
727,0.0727,3.8322
728,0.0728,3.8071
729,0.0729,3.8231
730,0.073,3.8207
731,0.0731,3.8336
732,0.0732,3.8446
733,0.0733,3.8157
734,0.0734,3.8532
735,0.0735,3.8277
736,0.0736,3.8571
737,0.0737,3.8533
738,0.0738,3.8525
739,0.0739,3.8584
740,0.074,3.8537
741,0.0741,3.8549
742,0.0742,3.8411
743,0.0743,3.8682
744,0.0744,3.8986
745,0.0745,3.9028
746,0.0746,3.8952
747,0.0747,3.8882
748,0.0748,3.8697
749,0.0749,3.9038
750,0.075,3.8835
751,0.0751,3.8855
752,0.0752,3.8844
753,0.0753,3.8924
754,0.0754,3.8867
755,0.0755,3.8942
756,0.0756,3.8814
757,0.0757,3.8943
758,0.0758,3.9363
759,0.0759,3.9032
760,0.076,3.9029
761,0.0761,3.9166
762,0.0762,3.9214
763,0.0763,3.8963
764,0.0764,3.912
765,0.0765,3.9311
766,0.0766,3.9235
767,0.0767,3.9235
768,0.0768,3.9471
769,0.0769,3.9158
770,0.077,3.9293
771,0.0771,3.9224
772,0.0772,3.9547
773,0.0773,3.9052
774,0.0774,3.9266
775,0.0775,3.9308
776,0.0776,3.9508
777,0.0777,3.9521
778,0.0778,3.966
779,0.0779,3.9236
780,0.078,3.9606
781,0.0781,3.947
782,0.0782,3.9435
783,0.0783,3.9637
784,0.0784,3.9439
785,0.0785,3.9286
786,0.0786,3.9563
787,0.0787,3.9415
788,0.0788,3.9563
789,0.0789,3.9736
790,0.079,3.9748
791,0.0791,3.996
792,0.0792,3.9712
793,0.0793,3.9533
794,0.0794,3.967
795,0.0795,3.9666
796,0.0796,3.9641
797,0.0797,3.991
798,0.0798,3.9768
799,0.0799,3.9588
800,0.08,4.001
801,0.0801,3.9909
802,0.0802,3.9999
803,0.0803,3.9981
804,0.0804,4.008
805,0.0805,4.0011
806,0.0806,4.0211
807,0.0807,4.0109
808,0.0808,4.0124
809,0.0809,4.0147
810,0.081,3.9887
811,0.0811,4.01
812,0.0812,4.0106
813,0.0813,4.0195
814,0.0814,3.998
815,0.0815,4.0449
816,0.0816,4.0239
817,0.0817,4.0061
818,0.0818,4.0006
819,0.0819,4.0239
820,0.082,4.0288
821,0.0821,4.0213
822,0.0822,4.0354
823,0.0823,4.0263
824,0.0824,4.0461
825,0.0825,4.0289
826,0.0826,4.0411
827,0.0827,4.0583
828,0.0828,4.0841
829,0.0829,4.0323
830,0.083,4.0423
831,0.0831,4.0386
832,0.0832,4.0649
833,0.0833,4.0378
834,0.0834,4.0496
835,0.0835,4.0583
836,0.0836,4.046
837,0.0837,4.0482
838,0.0838,4.0573
839,0.0839,4.0348
840,0.084,4.0464
841,0.0841,4.0638
842,0.0842,4.0741
843,0.0843,4.0709
844,0.0844,4.0489
845,0.0845,4.0704
846,0.0846,4.0912
847,0.0847,4.0894
848,0.0848,4.0817
849,0.0849,4.0714
850,0.085,4.0961
851,0.0851,4.0797
852,0.0852,4.0727
853,0.0853,4.08
854,0.0854,4.1156
855,0.0855,4.099
856,0.0856,4.1149
857,0.0857,4.0921
858,0.0858,4.1152
859,0.0859,4.0939
860,0.086,4.1023
861,0.0861,4.1438
862,0.0862,4.1198
863,0.0863,4.1025
864,0.0864,4.1105
865,0.0865,4.1185
866,0.0866,4.1335
867,0.0867,4.1098
868,0.0868,4.0928
869,0.0869,4.1164
870,0.087,4.1226
871,0.0871,4.1258
872,0.0872,4.1457
873,0.0873,4.1324
874,0.0874,4.1416
875,0.0875,4.1146
876,0.0876,4.1459
877,0.0877,4.166
878,0.0878,4.1479
879,0.0879,4.1419
880,0.088,4.1421
881,0.0881,4.1683
882,0.0882,4.1293
883,0.0883,4.1433
884,0.0884,4.1535
885,0.0885,4.1595
886,0.0886,4.1435
887,0.0887,4.1563
888,0.0888,4.1493
889,0.0889,4.1569
890,0.089,4.1548
891,0.0891,4.1414
892,0.0892,4.1599
893,0.0893,4.175
894,0.0894,4.149
895,0.0895,4.1616
896,0.0896,4.1768
897,0.0897,4.1525
898,0.0898,4.1729
899,0.0899,4.1559
900,0.09,4.1905
901,0.0901,4.2098
902,0.0902,4.2071
903,0.0903,4.1752
904,0.0904,4.1912
905,0.0905,4.1835
906,0.0906,4.1849
907,0.0907,4.2082
908,0.0908,4.1668
909,0.0909,4.2041
910,0.091,4.1891
911,0.0911,4.2126
912,0.0912,4.1959
913,0.0913,4.1846
914,0.0914,4.2005
915,0.0915,4.209
916,0.0916,4.2001
917,0.0917,4.2085
918,0.0918,4.1949
919,0.0919,4.1723
920,0.092,4.2194
921,0.0921,4.218
922,0.0922,4.2113
923,0.0923,4.2117
924,0.0924,4.2278
925,0.0925,4.207
926,0.0926,4.2048
927,0.0927,4.2141
928,0.0928,4.2364
929,0.0929,4.1993
930,0.093,4.2395
931,0.0931,4.2136
932,0.0932,4.2082
933,0.0933,4.2452
934,0.0934,4.2264
935,0.0935,4.2099
936,0.0936,4.2255
937,0.0937,4.2464
938,0.0938,4.2519
939,0.0939,4.2291
940,0.094,4.2431
941,0.0941,4.2493
942,0.0942,4.2304
943,0.0943,4.2469
944,0.0944,4.2427
945,0.0945,4.2366
946,0.0946,4.2388
947,0.0947,4.2487
948,0.0948,4.2496
949,0.0949,4.2422
950,0.095,4.2458
951,0.0951,4.2704
952,0.0952,4.2583
953,0.0953,4.2699
954,0.0954,4.2761
955,0.0955,4.2684
956,0.0956,4.2951
957,0.0957,4.2502
958,0.0958,4.2762
959,0.0959,4.2607
960,0.096,4.2948
961,0.0961,4.2939
962,0.0962,4.2406
963,0.0963,4.2568
964,0.0964,4.2828
965,0.0965,4.2861
966,0.0966,4.2868
967,0.0967,4.2761
968,0.0968,4.2854
969,0.0969,4.2898
970,0.097,4.2803
971,0.0971,4.2983
972,0.0972,4.2505
973,0.0973,4.2953
974,0.0974,4.2717
975,0.0975,4.303
976,0.0976,4.2866
977,0.0977,4.2781
978,0.0978,4.2985
979,0.0979,4.2806
980,0.098,4.282
981,0.0981,4.2736
982,0.0982,4.2981
983,0.0983,4.3074
984,0.0984,4.3167
985,0.0985,4.3006
986,0.0986,4.3198
987,0.0987,4.3058
988,0.0988,4.3055
989,0.0989,4.3169
990,0.099,4.3255
991,0.0991,4.3059
992,0.0992,4.3088
993,0.0993,4.3114
994,0.0994,4.3164
995,0.0995,4.303
996,0.0996,4.3333
997,0.0997,4.3132
998,0.0998,4.3275
999,0.0999,4.3096
1000,0.1,4.3287
1001,0.1001,4.3305
1002,0.1002,4.3197
1003,0.1003,4.3577
1004,0.1004,4.3343
1005,0.1005,4.3567
1006,0.1006,4.3458
1007,0.1007,4.3228
1008,0.1008,4.3283
1009,0.1009,4.3419
1010,0.101,4.3376
1011,0.1011,4.3388
1012,0.1012,4.3351
1013,0.1013,4.3136
1014,0.1014,4.3386
1015,0.1015,4.3101
1016,0.1016,4.3502
1017,0.1017,4.3351
1018,0.1018,4.3365
1019,0.1019,4.3453
1020,0.102,4.3539
1021,0.1021,4.3297
1022,0.1022,4.3262
1023,0.1023,4.3378
1024,0.1024,4.3244
1025,0.1025,4.3418
1026,0.1026,4.3815
1027,0.1027,4.343
1028,0.1028,4.3699
1029,0.1029,4.3409
1030,0.103,4.3672
1031,0.1031,4.3592
1032,0.1032,4.3644
1033,0.1033,4.3751
1034,0.1034,4.3942
1035,0.1035,4.372
1036,0.1036,4.3722
1037,0.1037,4.357
1038,0.1038,4.3816
1039,0.1039,4.3704
1040,0.104,4.3878
1041,0.1041,4.3759
1042,0.1042,4.404
1043,0.1043,4.3493
1044,0.1044,4.3759
1045,0.1045,4.3948
1046,0.1046,4.3775
1047,0.1047,4.3722
1048,0.1048,4.3813
1049,0.1049,4.3658
1050,0.105,4.3895
1051,0.1051,4.4255
1052,0.1052,4.4073
1053,0.1053,4.3747
1054,0.1054,4.3795
1055,0.1055,4.3877
1056,0.1056,4.4101
1057,0.1057,4.3839
1058,0.1058,4.3871
1059,0.1059,4.4119
1060,0.106,4.4128
1061,0.1061,4.3954
1062,0.1062,4.3855
1063,0.1063,4.3802
1064,0.1064,4.3941
1065,0.1065,4.3724
1066,0.1066,4.4182
1067,0.1067,4.3987
1068,0.1068,4.4166
1069,0.1069,4.4386
1070,0.107,4.4293
1071,0.1071,4.3956
1072,0.1072,4.4271
1073,0.1073,4.4326
1074,0.1074,4.4052
1075,0.1075,4.4033
1076,0.1076,4.4171
1077,0.1077,4.3959
1078,0.1078,4.4431
1079,0.1079,4.3861
1080,0.108,4.4068
1081,0.1081,4.4205
1082,0.1082,4.4223
1083,0.1083,4.4293
1084,0.1084,4.432
1085,0.1085,4.4259
1086,0.1086,4.4473
1087,0.1087,4.3993
1088,0.1088,4.4325
1089,0.1089,4.4229
1090,0.109,4.4368
1091,0.1091,4.4392
1092,0.1092,4.4234
1093,0.1093,4.4286
1094,0.1094,4.4512
1095,0.1095,4.4457
1096,0.1096,4.4313
1097,0.1097,4.4732
1098,0.1098,4.4784
1099,0.1099,4.4229
1100,0.11,4.4505
1101,0.1101,4.4847
1102,0.1102,4.46
1103,0.1103,4.4526
1104,0.1104,4.4473
1105,0.1105,4.4434
1106,0.1106,4.4494
1107,0.1107,4.4454
1108,0.1108,4.466
1109,0.1109,4.4499
1110,0.111,4.4503
1111,0.1111,4.44
1112,0.1112,4.4584
1113,0.1113,4.4468
1114,0.1114,4.4586
1115,0.1115,4.478
1116,0.1116,4.4689
1117,0.1117,4.4721
1118,0.1118,4.4709
1119,0.1119,4.4675
1120,0.112,4.4658
1121,0.1121,4.4642
1122,0.1122,4.4812
1123,0.1123,4.4546
1124,0.1124,4.4921
1125,0.1125,4.4735
1126,0.1126,4.4628
1127,0.1127,4.4678
1128,0.1128,4.466
1129,0.1129,4.4796
1130,0.113,4.4675
1131,0.1131,4.4964
1132,0.1132,4.4686
1133,0.1133,4.4473
1134,0.1134,4.4714
1135,0.1135,4.4533
1136,0.1136,4.4839
1137,0.1137,4.5014
1138,0.1138,4.4962
1139,0.1139,4.4675
1140,0.114,4.4771
1141,0.1141,4.5163
1142,0.1142,4.4954
1143,0.1143,4.4917
1144,0.1144,4.5085
1145,0.1145,4.5305
1146,0.1146,4.5141
1147,0.1147,4.4978
1148,0.1148,4.502
1149,0.1149,4.507
1150,0.115,4.4895
1151,0.1151,4.4838
1152,0.1152,4.5015
1153,0.1153,4.4875
1154,0.1154,4.5018
1155,0.1155,4.5051
1156,0.1156,4.5398
1157,0.1157,4.4929
1158,0.1158,4.5048
1159,0.1159,4.5052
1160,0.116,4.5152
1161,0.1161,4.5253
1162,0.1162,4.5032
1163,0.1163,4.4993
1164,0.1164,4.4879
1165,0.1165,4.4996
1166,0.1166,4.5225
1167,0.1167,4.5161
1168,0.1168,4.5012
1169,0.1169,4.5118
1170,0.117,4.5188
1171,0.1171,4.5269
1172,0.1172,4.5114
1173,0.1173,4.5175
1174,0.1174,4.4949
1175,0.1175,4.5059
1176,0.1176,4.5484
1177,0.1177,4.4922
1178,0.1178,4.5209
1179,0.1179,4.5302
1180,0.118,4.5223
1181,0.1181,4.5167
1182,0.1182,4.5289
1183,0.1183,4.5306
1184,0.1184,4.5304
1185,0.1185,4.5044
1186,0.1186,4.5313
1187,0.1187,4.5216
1188,0.1188,4.5272
1189,0.1189,4.5397
1190,0.119,4.5469
1191,0.1191,4.5516
1192,0.1192,4.5316
1193,0.1193,4.5539
1194,0.1194,4.5585
1195,0.1195,4.5589
1196,0.1196,4.5636
1197,0.1197,4.5415
1198,0.1198,4.542
1199,0.1199,4.5579
1200,0.12,4.5259
1201,0.1201,4.5505
1202,0.1202,4.5403
1203,0.1203,4.5436
1204,0.1204,4.5239
1205,0.1205,4.5376
1206,0.1206,4.5515
1207,0.1207,4.566
1208,0.1208,4.5685
1209,0.1209,4.5533
1210,0.121,4.5526
1211,0.1211,4.5438
1212,0.1212,4.5632
1213,0.1213,4.5543
1214,0.1214,4.568
1215,0.1215,4.5861
1216,0.1216,4.5602
1217,0.1217,4.5391
1218,0.1218,4.5495
1219,0.1219,4.5415
1220,0.122,4.5462
1221,0.1221,4.5846
1222,0.1222,4.5693
1223,0.1223,4.544
1224,0.1224,4.5775
1225,0.1225,4.5874
1226,0.1226,4.564
1227,0.1227,4.5601
1228,0.1228,4.5661
1229,0.1229,4.5762
1230,0.123,4.5824
1231,0.1231,4.5914
1232,0.1232,4.5927
1233,0.1233,4.5932
1234,0.1234,4.5967
1235,0.1235,4.587
1236,0.1236,4.555
1237,0.1237,4.5768
1238,0.1238,4.5843
1239,0.1239,4.5747
1240,0.124,4.595
1241,0.1241,4.5767
1242,0.1242,4.5691
1243,0.1243,4.6055
1244,0.1244,4.5946
1245,0.1245,4.5887
1246,0.1246,4.6002
1247,0.1247,4.603
1248,0.1248,4.593
1249,0.1249,4.5519
1250,0.125,4.5794
1251,0.1251,4.5835
1252,0.1252,4.5765
1253,0.1253,4.595
1254,0.1254,4.6107
1255,0.1255,4.5864
1256,0.1256,4.5774
1257,0.1257,4.6257
1258,0.1258,4.5893
1259,0.1259,4.5784
1260,0.126,4.6013
1261,0.1261,4.6049
1262,0.1262,4.5887
1263,0.1263,4.612
1264,0.1264,4.5936
1265,0.1265,4.5879
1266,0.1266,4.6052
1267,0.1267,4.6149
1268,0.1268,4.5946
1269,0.1269,4.6098
1270,0.127,4.6043
1271,0.1271,4.6488
1272,0.1272,4.5966
1273,0.1273,4.6288
1274,0.1274,4.608
1275,0.1275,4.6077
1276,0.1276,4.6212
1277,0.1277,4.6246
1278,0.1278,4.6309
1279,0.1279,4.6176
1280,0.128,4.6045
1281,0.1281,4.6062
1282,0.1282,4.6227
1283,0.1283,4.6245
1284,0.1284,4.6375
1285,0.1285,4.6236
1286,0.1286,4.634
1287,0.1287,4.6416
1288,0.1288,4.6221
1289,0.1289,4.5981
1290,0.129,4.6034
1291,0.1291,4.6003
1292,0.1292,4.6465
1293,0.1293,4.6107
1294,0.1294,4.6426
1295,0.1295,4.6337
1296,0.1296,4.6514
1297,0.1297,4.6414
1298,0.1298,4.6256
1299,0.1299,4.6249
1300,0.13,4.6299
1301,0.1301,4.632
1302,0.1302,4.6222
1303,0.1303,4.6304
1304,0.1304,4.6557
1305,0.1305,4.6068
1306,0.1306,4.6369
1307,0.1307,4.6202
1308,0.1308,4.6373
1309,0.1309,4.6479
1310,0.131,4.6351
1311,0.1311,4.6483
1312,0.1312,4.6136
1313,0.1313,4.6548
1314,0.1314,4.6298
1315,0.1315,4.6489
1316,0.1316,4.6431
1317,0.1317,4.6023
1318,0.1318,4.6304
1319,0.1319,4.6458
1320,0.132,4.6665
1321,0.1321,4.6482
1322,0.1322,4.6485
1323,0.1323,4.6241
1324,0.1324,4.6675
1325,0.1325,4.6739
1326,0.1326,4.6479
1327,0.1327,4.6449
1328,0.1328,4.6246
1329,0.1329,4.6628
1330,0.133,4.6908
1331,0.1331,4.6617
1332,0.1332,4.6706
1333,0.1333,4.6605
1334,0.1334,4.6383
1335,0.1335,4.6738
1336,0.1336,4.6359
1337,0.1337,4.652
1338,0.1338,4.66
1339,0.1339,4.6697
1340,0.134,4.6634
1341,0.1341,4.6637
1342,0.1342,4.6471
1343,0.1343,4.6399
1344,0.1344,4.6608
1345,0.1345,4.6499
1346,0.1346,4.6417
1347,0.1347,4.643
1348,0.1348,4.6553
1349,0.1349,4.6355
1350,0.135,4.6438
1351,0.1351,4.6401
1352,0.1352,4.668
1353,0.1353,4.6721
1354,0.1354,4.6968
1355,0.1355,4.6449
1356,0.1356,4.6578
1357,0.1357,4.6823
1358,0.1358,4.6661
1359,0.1359,4.6651
1360,0.136,4.6963
1361,0.1361,4.6662
1362,0.1362,4.6546
1363,0.1363,4.6528
1364,0.1364,4.6783
1365,0.1365,4.6785
1366,0.1366,4.654
1367,0.1367,4.6604
1368,0.1368,4.6839
1369,0.1369,4.6852
1370,0.137,4.6675
1371,0.1371,4.6871
1372,0.1372,4.687
1373,0.1373,4.6523
1374,0.1374,4.675
1375,0.1375,4.6866
1376,0.1376,4.6724
1377,0.1377,4.6496
1378,0.1378,4.678
1379,0.1379,4.6942
1380,0.138,4.7072
1381,0.1381,4.6513
1382,0.1382,4.724
1383,0.1383,4.6685
1384,0.1384,4.7004
1385,0.1385,4.7052
1386,0.1386,4.7021
1387,0.1387,4.6902
1388,0.1388,4.6711
1389,0.1389,4.6986
1390,0.139,4.6791
1391,0.1391,4.6526
1392,0.1392,4.7335
1393,0.1393,4.7023
1394,0.1394,4.7196
1395,0.1395,4.6792
1396,0.1396,4.7155
1397,0.1397,4.718
1398,0.1398,4.718
1399,0.1399,4.695
1400,0.14,4.6779
1401,0.1401,4.6939
1402,0.1402,4.6641
1403,0.1403,4.6722
1404,0.1404,4.6998
1405,0.1405,4.6841
1406,0.1406,4.6971
1407,0.1407,4.6985
1408,0.1408,4.7297
1409,0.1409,4.7208
1410,0.141,4.7013
1411,0.1411,4.7207
1412,0.1412,4.6915
1413,0.1413,4.6987
1414,0.1414,4.718
1415,0.1415,4.6863
1416,0.1416,4.7013
1417,0.1417,4.6863
1418,0.1418,4.7085
1419,0.1419,4.7318
1420,0.142,4.6966
1421,0.1421,4.7118
1422,0.1422,4.6956
1423,0.1423,4.6924
1424,0.1424,4.6917
1425,0.1425,4.7326
1426,0.1426,4.7468
1427,0.1427,4.7192
1428,0.1428,4.7018
1429,0.1429,4.7237
1430,0.143,4.7086
1431,0.1431,4.7262
1432,0.1432,4.7192
1433,0.1433,4.7196
1434,0.1434,4.725
1435,0.1435,4.7078
1436,0.1436,4.711
1437,0.1437,4.6918
1438,0.1438,4.7116
1439,0.1439,4.6974
1440,0.144,4.7172
1441,0.1441,4.7055
1442,0.1442,4.722
1443,0.1443,4.7278
1444,0.1444,4.7003
1445,0.1445,4.7099
1446,0.1446,4.7085
1447,0.1447,4.7344
1448,0.1448,4.7494
1449,0.1449,4.7371
1450,0.145,4.7196
1451,0.1451,4.7474
1452,0.1452,4.7033
1453,0.1453,4.749
1454,0.1454,4.7172
1455,0.1455,4.6859
1456,0.1456,4.7679
1457,0.1457,4.7524
1458,0.1458,4.7138
1459,0.1459,4.7323
1460,0.146,4.7271
1461,0.1461,4.7324
1462,0.1462,4.7092
1463,0.1463,4.7217
1464,0.1464,4.7395
1465,0.1465,4.7364
1466,0.1466,4.7515
1467,0.1467,4.7353
1468,0.1468,4.7699
1469,0.1469,4.7244
1470,0.147,4.7396
1471,0.1471,4.7075
1472,0.1472,4.7179
1473,0.1473,4.7572
1474,0.1474,4.7236
1475,0.1475,4.7463
1476,0.1476,4.7379
1477,0.1477,4.7237
1478,0.1478,4.7346
1479,0.1479,4.7327
1480,0.148,4.7336
1481,0.1481,4.7527
1482,0.1482,4.7517
1483,0.1483,4.7338
1484,0.1484,4.7294
1485,0.1485,4.7477
1486,0.1486,4.7425
1487,0.1487,4.7599
1488,0.1488,4.7848
1489,0.1489,4.7582
1490,0.149,4.7455
1491,0.1491,4.744
1492,0.1492,4.7342
1493,0.1493,4.734
1494,0.1494,4.733
1495,0.1495,4.7426
1496,0.1496,4.7427
1497,0.1497,4.7607
1498,0.1498,4.7441
1499,0.1499,4.7476
1500,0.15,4.7328
1501,0.1501,4.7762
1502,0.1502,4.7597
1503,0.1503,4.7794
1504,0.1504,4.765
1505,0.1505,4.7759
1506,0.1506,4.7503
1507,0.1507,4.7653
1508,0.1508,4.7956
1509,0.1509,4.7372
1510,0.151,4.7736
1511,0.1511,4.782
1512,0.1512,4.7633
1513,0.1513,4.7689
1514,0.1514,4.7771
1515,0.1515,4.7484
1516,0.1516,4.7652
1517,0.1517,4.7461
1518,0.1518,4.7495
1519,0.1519,4.7509
1520,0.152,4.7586
1521,0.1521,4.7636
1522,0.1522,4.7687
1523,0.1523,4.7405
1524,0.1524,4.7931
1525,0.1525,4.781
1526,0.1526,4.7748
1527,0.1527,4.7587
1528,0.1528,4.7633
1529,0.1529,4.7735
1530,0.153,4.7719
1531,0.1531,4.7402
1532,0.1532,4.7779
1533,0.1533,4.8118
1534,0.1534,4.739
1535,0.1535,4.7832
1536,0.1536,4.774
1537,0.1537,4.7671
1538,0.1538,4.7904
1539,0.1539,4.7515
1540,0.154,4.7727
1541,0.1541,4.7932
1542,0.1542,4.7681
1543,0.1543,4.7651
1544,0.1544,4.7738
1545,0.1545,4.7656
1546,0.1546,4.7968
1547,0.1547,4.7594
1548,0.1548,4.7873
1549,0.1549,4.755
1550,0.155,4.7851
1551,0.1551,4.7736
1552,0.1552,4.7358
1553,0.1553,4.776
1554,0.1554,4.7601
1555,0.1555,4.7701
1556,0.1556,4.8012
1557,0.1557,4.7607
1558,0.1558,4.762
1559,0.1559,4.801
1560,0.156,4.781
1561,0.1561,4.8034
1562,0.1562,4.7851
1563,0.1563,4.7669
1564,0.1564,4.78
1565,0.1565,4.8004
1566,0.1566,4.7964
1567,0.1567,4.7823
1568,0.1568,4.7835
1569,0.1569,4.7814
1570,0.157,4.7747
1571,0.1571,4.8138
1572,0.1572,4.7846
1573,0.1573,4.7674
1574,0.1574,4.778
1575,0.1575,4.7969
1576,0.1576,4.7961
1577,0.1577,4.7845
1578,0.1578,4.7767
1579,0.1579,4.7878
1580,0.158,4.7621
1581,0.1581,4.7682
1582,0.1582,4.801
1583,0.1583,4.7817
1584,0.1584,4.7953
1585,0.1585,4.8088
1586,0.1586,4.8004
1587,0.1587,4.7911
1588,0.1588,4.8241
1589,0.1589,4.802
1590,0.159,4.7866
1591,0.1591,4.8038
1592,0.1592,4.7992
1593,0.1593,4.7801
1594,0.1594,4.7949
1595,0.1595,4.7916
1596,0.1596,4.7642
1597,0.1597,4.7923
1598,0.1598,4.791
1599,0.1599,4.789
1600,0.16,4.7708
1601,0.1601,4.7911
1602,0.1602,4.7964
1603,0.1603,4.799
1604,0.1604,4.7803
1605,0.1605,4.808
1606,0.1606,4.7799
1607,0.1607,4.7956
1608,0.1608,4.8195
1609,0.1609,4.7891
1610,0.161,4.7923
1611,0.1611,4.8172
1612,0.1612,4.7951
1613,0.1613,4.7968
1614,0.1614,4.8052
1615,0.1615,4.8184
1616,0.1616,4.7686
1617,0.1617,4.7902
1618,0.1618,4.7879
1619,0.1619,4.7871
1620,0.162,4.791
1621,0.1621,4.7916
1622,0.1622,4.8096
1623,0.1623,4.7917
1624,0.1624,4.8076
1625,0.1625,4.8123
1626,0.1626,4.7953
1627,0.1627,4.8089
1628,0.1628,4.8325
1629,0.1629,4.8126
1630,0.163,4.7983
1631,0.1631,4.8074
1632,0.1632,4.7948
1633,0.1633,4.8134
1634,0.1634,4.8228
1635,0.1635,4.7974
1636,0.1636,4.8071
1637,0.1637,4.8278
1638,0.1638,4.8035
1639,0.1639,4.8144
1640,0.164,4.7962
1641,0.1641,4.7997
1642,0.1642,4.8048
1643,0.1643,4.8456
1644,0.1644,4.8072
1645,0.1645,4.8058
1646,0.1646,4.8057
1647,0.1647,4.812
1648,0.1648,4.8247
1649,0.1649,4.8181
1650,0.165,4.8465
1651,0.1651,4.8192
1652,0.1652,4.838
1653,0.1653,4.8208
1654,0.1654,4.8261
1655,0.1655,4.7958
1656,0.1656,4.8159
1657,0.1657,4.8171
1658,0.1658,4.8149
1659,0.1659,4.7866
1660,0.166,4.8324
1661,0.1661,4.8138
1662,0.1662,4.8134
1663,0.1663,4.8165
1664,0.1664,4.8173
1665,0.1665,4.8271
1666,0.1666,4.8023
1667,0.1667,4.8078
1668,0.1668,4.8265
1669,0.1669,4.8246
1670,0.167,4.8172
1671,0.1671,4.8146
1672,0.1672,4.811
1673,0.1673,4.823
1674,0.1674,4.8419
1675,0.1675,4.8087
1676,0.1676,4.8478
1677,0.1677,4.8379
1678,0.1678,4.8188
1679,0.1679,4.8377
1680,0.168,4.8043
1681,0.1681,4.8007
1682,0.1682,4.8077
1683,0.1683,4.8212
1684,0.1684,4.8228
1685,0.1685,4.8203
1686,0.1686,4.8299
1687,0.1687,4.7967
1688,0.1688,4.8365
1689,0.1689,4.8081
1690,0.169,4.8198
1691,0.1691,4.8239
1692,0.1692,4.8131
1693,0.1693,4.8102
1694,0.1694,4.816
1695,0.1695,4.8313
1696,0.1696,4.8406
1697,0.1697,4.8406
1698,0.1698,4.8175
1699,0.1699,4.8209
1700,0.17,4.8193
1701,0.1701,4.8402
1702,0.1702,4.8032
1703,0.1703,4.8527
1704,0.1704,4.8272
1705,0.1705,4.823
1706,0.1706,4.8402
1707,0.1707,4.8509
1708,0.1708,4.8409
1709,0.1709,4.8519
1710,0.171,4.8385
1711,0.1711,4.8552
1712,0.1712,4.8558
1713,0.1713,4.8359
1714,0.1714,4.8593
1715,0.1715,4.8405
1716,0.1716,4.8397
1717,0.1717,4.8249
1718,0.1718,4.8347
1719,0.1719,4.851
1720,0.172,4.82
1721,0.1721,4.8497
1722,0.1722,4.8455
1723,0.1723,4.8448
1724,0.1724,4.8079
1725,0.1725,4.8397
1726,0.1726,4.8513
1727,0.1727,4.8305
1728,0.1728,4.8436
1729,0.1729,4.8069
1730,0.173,4.8529
1731,0.1731,4.8332
1732,0.1732,4.8565
1733,0.1733,4.8161
1734,0.1734,4.8545
1735,0.1735,4.8409
1736,0.1736,4.8568
1737,0.1737,4.8312
1738,0.1738,4.8361
1739,0.1739,4.8793
1740,0.174,4.8335
1741,0.1741,4.8357
1742,0.1742,4.8424
1743,0.1743,4.8315
1744,0.1744,4.865
1745,0.1745,4.8734
1746,0.1746,4.8372
1747,0.1747,4.8222
1748,0.1748,4.866
1749,0.1749,4.8653
1750,0.175,4.8613
1751,0.1751,4.8667
1752,0.1752,4.8366
1753,0.1753,4.8474
1754,0.1754,4.8295
1755,0.1755,4.8292
1756,0.1756,4.8655
1757,0.1757,4.841
1758,0.1758,4.8856
1759,0.1759,4.8528
1760,0.176,4.8424
1761,0.1761,4.8643
1762,0.1762,4.8796
1763,0.1763,4.8602
1764,0.1764,4.8349
1765,0.1765,4.859
1766,0.1766,4.8744
1767,0.1767,4.8467
1768,0.1768,4.8427
1769,0.1769,4.8699
1770,0.177,4.857
1771,0.1771,4.8387
1772,0.1772,4.8498
1773,0.1773,4.8445
1774,0.1774,4.8605
1775,0.1775,4.858
1776,0.1776,4.8739
1777,0.1777,4.8676
1778,0.1778,4.8338
1779,0.1779,4.8636
1780,0.178,4.8713
1781,0.1781,4.8649
1782,0.1782,4.8738
1783,0.1783,4.8504
1784,0.1784,4.8447
1785,0.1785,4.8732
1786,0.1786,4.8435
1787,0.1787,4.8274
1788,0.1788,4.8754
1789,0.1789,4.8495
1790,0.179,4.856
1791,0.1791,4.8399
1792,0.1792,4.8413
1793,0.1793,4.8441
1794,0.1794,4.8563
1795,0.1795,4.8676
1796,0.1796,4.8278
1797,0.1797,4.8738
1798,0.1798,4.8451
1799,0.1799,4.8471
1800,0.18,4.8735
1801,0.1801,4.8625
1802,0.1802,4.8409
1803,0.1803,4.8919
1804,0.1804,4.8516
1805,0.1805,4.8685
1806,0.1806,4.868
1807,0.1807,4.8865
1808,0.1808,4.8587
1809,0.1809,4.8809
1810,0.181,4.855
1811,0.1811,4.8832
1812,0.1812,4.8552
1813,0.1813,4.8615
1814,0.1814,4.8956
1815,0.1815,4.8722
1816,0.1816,4.8693
1817,0.1817,4.9016
1818,0.1818,4.8736
1819,0.1819,4.8562
1820,0.182,4.8798
1821,0.1821,4.8513
1822,0.1822,4.8862
1823,0.1823,4.8876
1824,0.1824,4.8612
1825,0.1825,4.8606
1826,0.1826,4.873
1827,0.1827,4.8708
1828,0.1828,4.8562
1829,0.1829,4.8796
1830,0.183,4.8407
1831,0.1831,4.8651
1832,0.1832,4.8658
1833,0.1833,4.868
1834,0.1834,4.877
1835,0.1835,4.8542
1836,0.1836,4.8817
1837,0.1837,4.8704
1838,0.1838,4.8636
1839,0.1839,4.8531
1840,0.184,4.8561
1841,0.1841,4.8795
1842,0.1842,4.8599
1843,0.1843,4.8756
1844,0.1844,4.8908
1845,0.1845,4.8906
1846,0.1846,4.8988
1847,0.1847,4.8712
1848,0.1848,4.8596
1849,0.1849,4.8914
1850,0.185,4.881
1851,0.1851,4.8935
1852,0.1852,4.877
1853,0.1853,4.8951
1854,0.1854,4.8901
1855,0.1855,4.8884
1856,0.1856,4.8854
1857,0.1857,4.8841
1858,0.1858,4.8818
1859,0.1859,4.882
1860,0.186,4.8937
1861,0.1861,4.8714
1862,0.1862,4.9053
1863,0.1863,4.878
1864,0.1864,4.8946
1865,0.1865,4.8787
1866,0.1866,4.8766
1867,0.1867,4.911
1868,0.1868,4.8761
1869,0.1869,4.8618
1870,0.187,4.8705
1871,0.1871,4.8767
1872,0.1872,4.914
1873,0.1873,4.885
1874,0.1874,4.8962
1875,0.1875,4.8674
1876,0.1876,4.8879
1877,0.1877,4.893
1878,0.1878,4.9101
1879,0.1879,4.8729
1880,0.188,4.8926
1881,0.1881,4.8884
1882,0.1882,4.8687
1883,0.1883,4.884
1884,0.1884,4.8806
1885,0.1885,4.8499
1886,0.1886,4.894
1887,0.1887,4.8933
1888,0.1888,4.8788
1889,0.1889,4.8656
1890,0.189,4.9081
1891,0.1891,4.8901
1892,0.1892,4.9016
1893,0.1893,4.9077
1894,0.1894,4.879
1895,0.1895,4.8992
1896,0.1896,4.8836
1897,0.1897,4.8865
1898,0.1898,4.8864
1899,0.1899,4.8879
1900,0.19,4.9049
1901,0.1901,4.8902
1902,0.1902,4.8863
1903,0.1903,4.8847
1904,0.1904,4.8942
1905,0.1905,4.8758
1906,0.1906,4.8819
1907,0.1907,4.8889
1908,0.1908,4.8814
1909,0.1909,4.8884
1910,0.191,4.8812
1911,0.1911,4.9206
1912,0.1912,4.9107
1913,0.1913,4.8978
1914,0.1914,4.8904
1915,0.1915,4.9243
1916,0.1916,4.8965
1917,0.1917,4.8906
1918,0.1918,4.8966
1919,0.1919,4.8969
1920,0.192,4.9137
1921,0.1921,4.8925
1922,0.1922,4.9245
1923,0.1923,4.8799
1924,0.1924,4.9038
1925,0.1925,4.8786
1926,0.1926,4.9211
1927,0.1927,4.8891
1928,0.1928,4.8934
1929,0.1929,4.9083
1930,0.193,4.9135
1931,0.1931,4.8782
1932,0.1932,4.8899
1933,0.1933,4.8744
1934,0.1934,4.8976
1935,0.1935,4.8942
1936,0.1936,4.8907
1937,0.1937,4.8859
1938,0.1938,4.8905
1939,0.1939,4.8853
1940,0.194,4.9047
1941,0.1941,4.9197
1942,0.1942,4.8682
1943,0.1943,4.8956
1944,0.1944,4.8913
1945,0.1945,4.9052
1946,0.1946,4.8837
1947,0.1947,4.896
1948,0.1948,4.8828
1949,0.1949,4.909
1950,0.195,4.9003
1951,0.1951,4.8966
1952,0.1952,4.9047
1953,0.1953,4.8957
1954,0.1954,4.8763
1955,0.1955,4.9087
1956,0.1956,4.9043
1957,0.1957,4.8979
1958,0.1958,4.9152
1959,0.1959,4.9189
1960,0.196,4.8844
1961,0.1961,4.8893
1962,0.1962,4.9244
1963,0.1963,4.9227
1964,0.1964,4.8905
1965,0.1965,4.8841
1966,0.1966,4.8924
1967,0.1967,4.8947
1968,0.1968,4.8786
1969,0.1969,4.903
1970,0.197,4.8836
1971,0.1971,4.8848
1972,0.1972,4.9169
1973,0.1973,4.8931
1974,0.1974,4.9025
1975,0.1975,4.9132
1976,0.1976,4.9161
1977,0.1977,4.8991
1978,0.1978,4.905
1979,0.1979,4.8921
1980,0.198,4.9309
1981,0.1981,4.9146
1982,0.1982,4.8885
1983,0.1983,4.9053
1984,0.1984,4.9161
1985,0.1985,4.9128
1986,0.1986,4.9333
1987,0.1987,4.9266
1988,0.1988,4.8981
1989,0.1989,4.905
1990,0.199,4.8873
1991,0.1991,4.9105
1992,0.1992,4.9092
1993,0.1993,4.9477
1994,0.1994,4.9088
1995,0.1995,4.8761
1996,0.1996,4.8976
1997,0.1997,4.9096
1998,0.1998,4.8892
1999,0.1999,4.8952
2000,0.2,4.9029
2001,0.2001,4.9137
2002,0.2002,4.9063
2003,0.2003,4.8956
2004,0.2004,4.921
2005,0.2005,4.9012
2006,0.2006,4.902
2007,0.2007,4.889
2008,0.2008,4.8981
2009,0.2009,4.9198
2010,0.201,4.886
2011,0.2011,4.9093
2012,0.2012,4.9214
2013,0.2013,4.9051
2014,0.2014,4.9145
2015,0.2015,4.8944
2016,0.2016,4.931
2017,0.2017,4.928
2018,0.2018,4.9152
2019,0.2019,4.8855
2020,0.202,4.8963
2021,0.2021,4.9268
2022,0.2022,4.9381
2023,0.2023,4.917
2024,0.2024,4.9314
2025,0.2025,4.9038
2026,0.2026,4.9102
2027,0.2027,4.9133
2028,0.2028,4.9198
2029,0.2029,4.8907
2030,0.203,4.9279
2031,0.2031,4.9338
2032,0.2032,4.8969
2033,0.2033,4.8939
2034,0.2034,4.9197
2035,0.2035,4.9048
2036,0.2036,4.8792
2037,0.2037,4.9271
2038,0.2038,4.9175
2039,0.2039,4.9081
2040,0.204,4.9472
2041,0.2041,4.9177
2042,0.2042,4.9045
2043,0.2043,4.9175
2044,0.2044,4.9005
2045,0.2045,4.9049
2046,0.2046,4.9223
2047,0.2047,4.9083
2048,0.2048,4.91
2049,0.2049,4.942
2050,0.205,4.93
2051,0.2051,4.9293
2052,0.2052,4.9254
2053,0.2053,4.9249
2054,0.2054,4.9396
2055,0.2055,4.9177
2056,0.2056,4.946
2057,0.2057,4.904
2058,0.2058,4.9146
2059,0.2059,4.8979
2060,0.206,4.9136
2061,0.2061,4.9267
2062,0.2062,4.9409
2063,0.2063,4.9093
2064,0.2064,4.9195
2065,0.2065,4.9142
2066,0.2066,4.9087
2067,0.2067,4.9021
2068,0.2068,4.921
2069,0.2069,4.8942
2070,0.207,4.922
2071,0.2071,4.9209
2072,0.2072,4.9108
2073,0.2073,4.9057
2074,0.2074,4.9003
2075,0.2075,4.9492
2076,0.2076,4.9012
2077,0.2077,4.9449
2078,0.2078,4.9307
2079,0.2079,4.9163
2080,0.208,4.9046
2081,0.2081,4.9378
2082,0.2082,4.9482
2083,0.2083,4.9084
2084,0.2084,4.9181
2085,0.2085,4.9385
2086,0.2086,4.9279
2087,0.2087,4.953
2088,0.2088,4.9146
2089,0.2089,4.9315
2090,0.209,4.9047
2091,0.2091,4.9551
2092,0.2092,4.9129
2093,0.2093,4.8908
2094,0.2094,4.9222
2095,0.2095,4.9222
2096,0.2096,4.9532
2097,0.2097,4.9195
2098,0.2098,4.9245
2099,0.2099,4.9338
2100,0.21,4.9488
2101,0.2101,4.9242
2102,0.2102,4.9409
2103,0.2103,4.9332
2104,0.2104,4.9212
2105,0.2105,4.9269
2106,0.2106,4.9263
2107,0.2107,4.9123
2108,0.2108,4.9444
2109,0.2109,4.9056
2110,0.211,4.9441
2111,0.2111,4.941
2112,0.2112,4.9254
2113,0.2113,4.9155
2114,0.2114,4.9237
2115,0.2115,4.9343
2116,0.2116,4.9385
2117,0.2117,4.9318
2118,0.2118,4.9426
2119,0.2119,4.9195
2120,0.212,4.9315
2121,0.2121,4.9046
2122,0.2122,4.9397
2123,0.2123,4.9307
2124,0.2124,4.9223
2125,0.2125,4.9461
2126,0.2126,4.9392
2127,0.2127,4.8867
2128,0.2128,4.9297
2129,0.2129,4.9074
2130,0.213,4.9454
2131,0.2131,4.9669
2132,0.2132,4.9219
2133,0.2133,4.9309
2134,0.2134,4.9262
2135,0.2135,4.9354
2136,0.2136,4.9399
2137,0.2137,4.9497
2138,0.2138,4.9157
2139,0.2139,4.9542
2140,0.214,4.9168
2141,0.2141,4.9351
2142,0.2142,4.9484
2143,0.2143,4.9419
2144,0.2144,4.9173
2145,0.2145,4.9209
2146,0.2146,4.9247
2147,0.2147,4.931
2148,0.2148,4.9491
2149,0.2149,4.9126
2150,0.215,4.9392
2151,0.2151,4.9414
2152,0.2152,4.9408
2153,0.2153,4.9396
2154,0.2154,4.9555
2155,0.2155,4.9401
2156,0.2156,4.9458
2157,0.2157,4.9416
2158,0.2158,4.9601
2159,0.2159,4.9049
2160,0.216,4.9527
2161,0.2161,4.9297
2162,0.2162,4.9296
2163,0.2163,4.9194
2164,0.2164,4.906
2165,0.2165,4.9284
2166,0.2166,4.924
2167,0.2167,4.9418
2168,0.2168,4.9125
2169,0.2169,4.9562
2170,0.217,4.9389
2171,0.2171,4.9312
2172,0.2172,4.9244
2173,0.2173,4.9234
2174,0.2174,4.9184
2175,0.2175,4.9273
2176,0.2176,4.9357
2177,0.2177,4.9331
2178,0.2178,4.9146
2179,0.2179,4.932
2180,0.218,4.9227
2181,0.2181,4.9386
2182,0.2182,4.9643
2183,0.2183,4.9459
2184,0.2184,4.9319
2185,0.2185,4.9124
2186,0.2186,4.9156
2187,0.2187,4.9117
2188,0.2188,4.948
2189,0.2189,4.9258
2190,0.219,4.9383
2191,0.2191,4.9282
2192,0.2192,4.939
2193,0.2193,4.9588
2194,0.2194,4.9276
2195,0.2195,4.9329
2196,0.2196,4.926
2197,0.2197,4.9514
2198,0.2198,4.923
2199,0.2199,4.9215
2200,0.22,4.9178
2201,0.2201,4.9176
2202,0.2202,4.9459
2203,0.2203,4.9775
2204,0.2204,4.9242
2205,0.2205,4.9535
2206,0.2206,4.9431
2207,0.2207,4.9229
2208,0.2208,4.9354
2209,0.2209,4.9362
2210,0.221,4.9295
2211,0.2211,4.9689
2212,0.2212,4.9115
2213,0.2213,4.9459
2214,0.2214,4.9453
2215,0.2215,4.9317
2216,0.2216,4.9428
2217,0.2217,4.9538
2218,0.2218,4.9431
2219,0.2219,4.9472
2220,0.222,4.9514
2221,0.2221,4.9107
2222,0.2222,4.9634
2223,0.2223,4.9755
2224,0.2224,4.9562
2225,0.2225,4.9568
2226,0.2226,4.9206
2227,0.2227,4.9401
2228,0.2228,4.9298
2229,0.2229,4.9333
2230,0.223,4.9567
2231,0.2231,4.9302
2232,0.2232,4.9405
2233,0.2233,4.9139
2234,0.2234,4.9403
2235,0.2235,4.9441
2236,0.2236,4.9323
2237,0.2237,4.9322
2238,0.2238,4.9714
2239,0.2239,4.9251
2240,0.224,4.9276
2241,0.2241,4.9313
2242,0.2242,4.9615
2243,0.2243,4.9752
2244,0.2244,4.9488
2245,0.2245,4.9331
2246,0.2246,4.9376
2247,0.2247,4.9601
2248,0.2248,4.9306
2249,0.2249,4.9661
2250,0.225,4.9657
2251,0.2251,4.9456
2252,0.2252,4.9544
2253,0.2253,4.956
2254,0.2254,4.9682
2255,0.2255,4.9292
2256,0.2256,4.9628
2257,0.2257,4.9396
2258,0.2258,4.9338
2259,0.2259,4.947
2260,0.226,4.9423
2261,0.2261,4.9309
2262,0.2262,4.9218
2263,0.2263,4.9317
2264,0.2264,4.9678
2265,0.2265,4.9755
2266,0.2266,4.956
2267,0.2267,4.9641
2268,0.2268,4.9387
2269,0.2269,4.9454
2270,0.227,4.9509
2271,0.2271,4.9305
2272,0.2272,4.932
2273,0.2273,4.9484
2274,0.2274,4.9423
2275,0.2275,4.9312
2276,0.2276,4.9531
2277,0.2277,4.9434
2278,0.2278,4.9628
2279,0.2279,4.9475
2280,0.228,4.9432
2281,0.2281,4.9497
2282,0.2282,4.9453
2283,0.2283,4.938
2284,0.2284,4.9421
2285,0.2285,4.9595
2286,0.2286,4.958
2287,0.2287,4.9677
2288,0.2288,4.9231
2289,0.2289,4.9427
2290,0.229,4.9425
2291,0.2291,4.9514
2292,0.2292,4.9421
2293,0.2293,4.9413
2294,0.2294,4.9609
2295,0.2295,4.9519
2296,0.2296,4.9318
2297,0.2297,4.9695
2298,0.2298,4.9645
2299,0.2299,4.941
2300,0.23,4.9622
2301,0.2301,4.9388
2302,0.2302,4.9668
2303,0.2303,4.9468
2304,0.2304,4.9381
2305,0.2305,4.9446
2306,0.2306,4.9389
2307,0.2307,4.9533
2308,0.2308,4.9532
2309,0.2309,4.9512
2310,0.231,4.9424
2311,0.2311,4.8959
2312,0.2312,4.9523
2313,0.2313,4.9226
2314,0.2314,4.9548
2315,0.2315,4.9682
2316,0.2316,4.9554
2317,0.2317,4.9456
2318,0.2318,4.9488
2319,0.2319,4.9496
2320,0.232,4.9435
2321,0.2321,4.9431
2322,0.2322,4.938
2323,0.2323,4.9698
2324,0.2324,4.9519
2325,0.2325,4.9665
2326,0.2326,4.9485
2327,0.2327,4.9535
2328,0.2328,4.9499
2329,0.2329,4.9595
2330,0.233,4.9651
2331,0.2331,4.9564
2332,0.2332,4.9427
2333,0.2333,4.9413
2334,0.2334,4.9779
2335,0.2335,4.9489
2336,0.2336,4.9489
2337,0.2337,4.9753
2338,0.2338,4.9697
2339,0.2339,4.9615
2340,0.234,4.9476
2341,0.2341,4.989
2342,0.2342,4.9597
2343,0.2343,4.9621
2344,0.2344,4.9514
2345,0.2345,4.9329
2346,0.2346,4.9341
2347,0.2347,4.9604
2348,0.2348,4.9602
2349,0.2349,4.9508
2350,0.235,4.9369
2351,0.2351,4.933
2352,0.2352,4.9498
2353,0.2353,4.933
2354,0.2354,4.9684
2355,0.2355,4.9723
2356,0.2356,4.9975
2357,0.2357,4.9683
2358,0.2358,4.9464
2359,0.2359,4.9423
2360,0.236,4.9036
2361,0.2361,4.9466
2362,0.2362,4.9529
2363,0.2363,4.9702
2364,0.2364,4.965
2365,0.2365,4.9647
2366,0.2366,4.9592
2367,0.2367,4.966
2368,0.2368,4.9778
2369,0.2369,4.9402
2370,0.237,4.9494
2371,0.2371,4.9356
2372,0.2372,4.9808
2373,0.2373,4.976
2374,0.2374,4.9679
2375,0.2375,4.9388
2376,0.2376,4.9594
2377,0.2377,4.9534
2378,0.2378,4.9582
2379,0.2379,4.9543
2380,0.238,4.965
2381,0.2381,4.9513
2382,0.2382,4.9702
2383,0.2383,4.961
2384,0.2384,4.9531
2385,0.2385,4.9559
2386,0.2386,4.9511
2387,0.2387,4.97
2388,0.2388,4.9538
2389,0.2389,4.9624
2390,0.239,4.9521
2391,0.2391,4.9358
2392,0.2392,4.9718
2393,0.2393,4.9424
2394,0.2394,4.9685
2395,0.2395,4.9647
2396,0.2396,4.9337
2397,0.2397,4.9444
2398,0.2398,4.951
2399,0.2399,4.9465
2400,0.24,4.9411
2401,0.2401,4.97
2402,0.2402,4.9554
2403,0.2403,4.9649
2404,0.2404,4.9527
2405,0.2405,4.9638
2406,0.2406,4.9481
2407,0.2407,4.959
2408,0.2408,4.9682
2409,0.2409,4.9603
2410,0.241,4.9528
2411,0.2411,4.9434
2412,0.2412,4.9623
2413,0.2413,4.9651
2414,0.2414,4.9561
2415,0.2415,4.9485
2416,0.2416,4.9683
2417,0.2417,4.9975
2418,0.2418,4.9558
2419,0.2419,4.9654
2420,0.242,4.9661
2421,0.2421,4.922
2422,0.2422,4.9625
2423,0.2423,4.9501
2424,0.2424,4.9816
2425,0.2425,4.957
2426,0.2426,4.9493
2427,0.2427,4.9577
2428,0.2428,4.9636
2429,0.2429,4.9528
2430,0.243,4.9605
2431,0.2431,4.941
2432,0.2432,4.958
2433,0.2433,4.9731
2434,0.2434,4.9911
2435,0.2435,4.9722
2436,0.2436,4.9658
2437,0.2437,4.9795
2438,0.2438,4.9771
2439,0.2439,4.9869
2440,0.244,4.9783
2441,0.2441,4.9603
2442,0.2442,4.966
2443,0.2443,4.9649
2444,0.2444,4.9668
2445,0.2445,4.9654
2446,0.2446,4.9507
2447,0.2447,4.931
2448,0.2448,4.9525
2449,0.2449,4.9323
2450,0.245,4.9638
2451,0.2451,4.9629
2452,0.2452,4.9378
2453,0.2453,4.9733
2454,0.2454,4.9761
2455,0.2455,4.9646
2456,0.2456,4.9882
2457,0.2457,4.9914
2458,0.2458,4.9453
2459,0.2459,4.979
2460,0.246,4.9701
2461,0.2461,4.9699
2462,0.2462,4.9777
2463,0.2463,4.9529
2464,0.2464,4.9549
2465,0.2465,4.9515
2466,0.2466,4.9526
2467,0.2467,4.9625
2468,0.2468,4.9423
2469,0.2469,4.9485
2470,0.247,4.9729
2471,0.2471,4.9632
2472,0.2472,4.9701
2473,0.2473,4.9361
2474,0.2474,4.9528
2475,0.2475,4.9563
2476,0.2476,4.9651
2477,0.2477,4.9559
2478,0.2478,4.9788
2479,0.2479,4.964
2480,0.248,4.9652
2481,0.2481,4.9652
2482,0.2482,4.9757
2483,0.2483,4.9581
2484,0.2484,4.9821
2485,0.2485,4.9722
2486,0.2486,4.9677
2487,0.2487,4.966
2488,0.2488,4.9733
2489,0.2489,4.9808
2490,0.249,4.9798
2491,0.2491,4.9713
2492,0.2492,4.9789
2493,0.2493,4.9676
2494,0.2494,4.9847
2495,0.2495,4.9656
2496,0.2496,4.9349
2497,0.2497,4.9862
2498,0.2498,4.9678
2499,0.2499,4.9487
2500,0.25,4.9633
2501,0.2501,4.9531
2502,0.2502,4.9979
2503,0.2503,4.974
2504,0.2504,4.943
2505,0.2505,4.9748
2506,0.2506,4.9607
2507,0.2507,4.9955
2508,0.2508,4.9511
2509,0.2509,4.9332
2510,0.251,4.968
2511,0.2511,4.9618
2512,0.2512,4.9609
2513,0.2513,4.9351
2514,0.2514,4.9736
2515,0.2515,4.9924
2516,0.2516,4.9387
2517,0.2517,4.985
2518,0.2518,4.959
2519,0.2519,5.0028
2520,0.252,4.9742
2521,0.2521,4.9649
2522,0.2522,4.9843
2523,0.2523,4.9757
2524,0.2524,4.959
2525,0.2525,4.9786
2526,0.2526,4.9604
2527,0.2527,4.9413
2528,0.2528,4.9986
2529,0.2529,4.963
2530,0.253,4.9591
2531,0.2531,4.9734
2532,0.2532,4.945
2533,0.2533,4.9482
2534,0.2534,4.961
2535,0.2535,4.9608
2536,0.2536,4.9697
2537,0.2537,4.9856
2538,0.2538,4.9617
2539,0.2539,4.9762
2540,0.254,4.9779
2541,0.2541,4.9527
2542,0.2542,4.9725
2543,0.2543,4.9549
2544,0.2544,4.9851
2545,0.2545,4.976
2546,0.2546,4.9695
2547,0.2547,4.9492
2548,0.2548,4.9711
2549,0.2549,4.9579
2550,0.255,4.9801
2551,0.2551,4.9678
2552,0.2552,4.9575
2553,0.2553,4.9836
2554,0.2554,4.9806
2555,0.2555,4.9609
2556,0.2556,4.9873
2557,0.2557,4.9655
2558,0.2558,4.9654
2559,0.2559,4.9719
2560,0.256,4.9588
2561,0.2561,4.9636
2562,0.2562,4.9678
2563,0.2563,4.9933
2564,0.2564,4.9929
2565,0.2565,4.9665
2566,0.2566,4.9946
2567,0.2567,4.9699
2568,0.2568,4.9763
2569,0.2569,4.9839
2570,0.257,4.9751
2571,0.2571,5.007
2572,0.2572,4.9745
2573,0.2573,4.9529
2574,0.2574,4.9905
2575,0.2575,4.9648
2576,0.2576,4.9665
2577,0.2577,4.9262
2578,0.2578,4.9862
2579,0.2579,4.9835
2580,0.258,4.9833
2581,0.2581,4.986
2582,0.2582,4.9968
2583,0.2583,4.9708
2584,0.2584,4.9856
2585,0.2585,4.9604
2586,0.2586,4.9663
2587,0.2587,4.9875
2588,0.2588,4.9776
2589,0.2589,4.9518
2590,0.259,4.9773
2591,0.2591,4.9692
2592,0.2592,4.9597
2593,0.2593,4.9785
2594,0.2594,4.966
2595,0.2595,4.9486
2596,0.2596,4.9555
2597,0.2597,4.9988
2598,0.2598,4.9496
2599,0.2599,4.9757
2600,0.26,4.9816
2601,0.2601,4.9821
2602,0.2602,4.9541
2603,0.2603,4.9678
2604,0.2604,4.9747
2605,0.2605,4.9847
2606,0.2606,4.9631
2607,0.2607,4.9553
2608,0.2608,4.9879
2609,0.2609,4.9895
2610,0.261,4.9785
2611,0.2611,4.9639
2612,0.2612,4.9792
2613,0.2613,4.9748
2614,0.2614,4.9857
2615,0.2615,4.9545
2616,0.2616,4.975
2617,0.2617,4.971
2618,0.2618,4.9567
2619,0.2619,4.9767
2620,0.262,4.974
2621,0.2621,4.9674
2622,0.2622,4.9795
2623,0.2623,4.9524
2624,0.2624,4.9729
2625,0.2625,4.9802
2626,0.2626,4.9781
2627,0.2627,4.99
2628,0.2628,4.9559
2629,0.2629,4.9514
2630,0.263,4.9776
2631,0.2631,4.9809
2632,0.2632,5.0059
2633,0.2633,4.9834
2634,0.2634,4.9611
2635,0.2635,4.9864
2636,0.2636,4.9616
2637,0.2637,4.9521
2638,0.2638,5.0136
2639,0.2639,4.9794
2640,0.264,4.9853
2641,0.2641,4.983
2642,0.2642,5.0018
2643,0.2643,4.979
2644,0.2644,4.993
2645,0.2645,4.9594
2646,0.2646,4.954
2647,0.2647,4.9963
2648,0.2648,4.9971
2649,0.2649,4.9827
2650,0.265,4.9784
2651,0.2651,4.9776
2652,0.2652,4.9648
2653,0.2653,4.9983
2654,0.2654,4.9851
2655,0.2655,4.9829
2656,0.2656,4.981
2657,0.2657,4.9911
2658,0.2658,4.983
2659,0.2659,4.9867
2660,0.266,4.958
2661,0.2661,4.9832
2662,0.2662,5.0084
2663,0.2663,4.9679
2664,0.2664,4.9738
2665,0.2665,4.9892
2666,0.2666,4.9902
2667,0.2667,4.9852
2668,0.2668,4.9517
2669,0.2669,4.9835
2670,0.267,4.9583
2671,0.2671,4.9637
2672,0.2672,4.9843
2673,0.2673,4.9717
2674,0.2674,4.9884
2675,0.2675,5.0235
2676,0.2676,4.988
2677,0.2677,4.9872
2678,0.2678,4.963
2679,0.2679,4.9668
2680,0.268,4.9605
2681,0.2681,4.9686
2682,0.2682,4.9602
2683,0.2683,4.9667
2684,0.2684,4.9736
2685,0.2685,4.9617
2686,0.2686,4.9555
2687,0.2687,4.9564
2688,0.2688,4.9837
2689,0.2689,4.9778
2690,0.269,4.9923
2691,0.2691,4.9927
2692,0.2692,4.9719
2693,0.2693,4.9871
2694,0.2694,4.9555
2695,0.2695,5.0114
2696,0.2696,4.9952
2697,0.2697,4.9741
2698,0.2698,4.9599
2699,0.2699,4.9831
2700,0.27,4.9494
2701,0.2701,4.9658
2702,0.2702,4.9887
2703,0.2703,4.9787
2704,0.2704,4.9702
2705,0.2705,4.9919
2706,0.2706,4.9621
2707,0.2707,4.982
2708,0.2708,4.9703
2709,0.2709,4.9651
2710,0.271,4.9848
2711,0.2711,4.963
2712,0.2712,5.0065
2713,0.2713,4.9692
2714,0.2714,5.0079
2715,0.2715,4.9617
2716,0.2716,4.9872
2717,0.2717,4.9602
2718,0.2718,4.9581
2719,0.2719,4.9807
2720,0.272,4.9885
2721,0.2721,4.9592
2722,0.2722,4.9962
2723,0.2723,4.9665
2724,0.2724,4.9804
2725,0.2725,4.9842
2726,0.2726,4.9875
2727,0.2727,4.9516
2728,0.2728,5.0029
2729,0.2729,4.9871
2730,0.273,4.9723
2731,0.2731,4.9634
2732,0.2732,4.9534
2733,0.2733,4.9584
2734,0.2734,4.9871
2735,0.2735,4.9738
2736,0.2736,4.962
2737,0.2737,4.9711
2738,0.2738,5.0025
2739,0.2739,4.9742
2740,0.274,4.9704
2741,0.2741,4.9995
2742,0.2742,4.9862
2743,0.2743,4.9799
2744,0.2744,4.9702
2745,0.2745,4.9561
2746,0.2746,4.9618
2747,0.2747,4.9722
2748,0.2748,4.9762
2749,0.2749,4.9849
2750,0.275,4.9878
2751,0.2751,4.983
2752,0.2752,4.983
2753,0.2753,4.9646
2754,0.2754,4.9474
2755,0.2755,4.972
2756,0.2756,4.9655
2757,0.2757,4.9701
2758,0.2758,4.9758
2759,0.2759,4.9613
2760,0.276,4.9633
2761,0.2761,4.9785
2762,0.2762,4.9818
2763,0.2763,4.9703
2764,0.2764,4.9876
2765,0.2765,4.9769
2766,0.2766,4.9649
2767,0.2767,4.9809
2768,0.2768,5.0085
2769,0.2769,4.9702
2770,0.277,4.9979
2771,0.2771,5.0011
2772,0.2772,5.0029
2773,0.2773,4.9681
2774,0.2774,5.0108
2775,0.2775,4.9823
2776,0.2776,4.9768
2777,0.2777,4.9772
2778,0.2778,4.9897
2779,0.2779,4.9815
2780,0.278,4.9781
2781,0.2781,5.0
2782,0.2782,4.97
2783,0.2783,4.9652
2784,0.2784,4.9928
2785,0.2785,4.9915
2786,0.2786,4.9974
2787,0.2787,4.9649
2788,0.2788,4.9973
2789,0.2789,4.9883
2790,0.279,5.0076
2791,0.2791,4.9625
2792,0.2792,4.9845
2793,0.2793,4.9771
2794,0.2794,4.9574
2795,0.2795,4.9706
2796,0.2796,4.9983
2797,0.2797,4.9744
2798,0.2798,4.9706
2799,0.2799,4.9945
2800,0.28,4.9963
2801,0.2801,4.9963
2802,0.2802,4.9697
2803,0.2803,4.9808
2804,0.2804,4.9971
2805,0.2805,4.9719
2806,0.2806,4.9705
2807,0.2807,4.9942
2808,0.2808,5.0052
2809,0.2809,4.9646
2810,0.281,4.9429
2811,0.2811,4.9602
2812,0.2812,4.9668
2813,0.2813,4.9799
2814,0.2814,4.9913
2815,0.2815,4.9799
2816,0.2816,4.9716
2817,0.2817,4.9844
2818,0.2818,4.9677
2819,0.2819,4.9815
2820,0.282,4.9726
2821,0.2821,5.0225
2822,0.2822,4.9946
2823,0.2823,4.9698
2824,0.2824,4.9674
2825,0.2825,4.9758
2826,0.2826,4.9578
2827,0.2827,4.9715
2828,0.2828,4.9714
2829,0.2829,4.9958
2830,0.283,4.9762
2831,0.2831,4.9708
2832,0.2832,4.9625
2833,0.2833,4.965
2834,0.2834,4.9817
2835,0.2835,4.9795
2836,0.2836,4.9998
2837,0.2837,4.9734
2838,0.2838,4.9988
2839,0.2839,4.9868
2840,0.284,4.9829
2841,0.2841,4.9528
2842,0.2842,4.9636
2843,0.2843,4.9942
2844,0.2844,5.004
2845,0.2845,4.9862
2846,0.2846,4.9946
2847,0.2847,4.9771
2848,0.2848,4.9776
2849,0.2849,4.9733
2850,0.285,4.9979
2851,0.2851,4.9884
2852,0.2852,4.9798
2853,0.2853,4.9784
2854,0.2854,4.9918
2855,0.2855,4.9883
2856,0.2856,4.971
2857,0.2857,5.0092
2858,0.2858,4.9874
2859,0.2859,4.9837
2860,0.286,5.0058
2861,0.2861,4.999
2862,0.2862,4.9823
2863,0.2863,4.9917
2864,0.2864,4.9677
2865,0.2865,4.9742
2866,0.2866,4.9499
2867,0.2867,5.0021
2868,0.2868,4.9554
2869,0.2869,4.9941
2870,0.287,4.9715
2871,0.2871,4.9693
2872,0.2872,4.9811
2873,0.2873,4.988
2874,0.2874,4.9932
2875,0.2875,5.0107
2876,0.2876,4.9895
2877,0.2877,4.9974
2878,0.2878,4.9752
2879,0.2879,4.9949
2880,0.288,4.9865
2881,0.2881,4.9773
2882,0.2882,4.9829
2883,0.2883,4.9834
2884,0.2884,4.9872
2885,0.2885,4.9904
2886,0.2886,4.9768
2887,0.2887,4.9734
2888,0.2888,4.9957
2889,0.2889,4.9591
2890,0.289,4.9753
2891,0.2891,5.0079
2892,0.2892,4.944
2893,0.2893,4.9743
2894,0.2894,4.995
2895,0.2895,4.96
2896,0.2896,5.0237
2897,0.2897,4.9459
2898,0.2898,5.0063
2899,0.2899,5.0082
2900,0.29,4.9986
2901,0.2901,4.9816
2902,0.2902,4.9903
2903,0.2903,4.9715
2904,0.2904,4.9971
2905,0.2905,4.9682
2906,0.2906,4.9809
2907,0.2907,5.0
2908,0.2908,4.9684
2909,0.2909,4.9797
2910,0.291,4.9876
2911,0.2911,4.9651
2912,0.2912,5.0027
2913,0.2913,4.9904
2914,0.2914,4.9625
2915,0.2915,4.9846
2916,0.2916,4.9737
2917,0.2917,4.9755
2918,0.2918,4.9865
2919,0.2919,4.9748
2920,0.292,4.9999
2921,0.2921,4.9749
2922,0.2922,5.0002
2923,0.2923,4.9849
2924,0.2924,4.9984
2925,0.2925,4.9775
2926,0.2926,4.9781
2927,0.2927,4.9684
2928,0.2928,4.9944
2929,0.2929,4.9998
2930,0.293,5.0175
2931,0.2931,5.0051
2932,0.2932,4.9895
2933,0.2933,4.9827
2934,0.2934,4.9917
2935,0.2935,4.9855
2936,0.2936,5.0079
2937,0.2937,5.0001
2938,0.2938,4.9734
2939,0.2939,4.9757
2940,0.294,5.0065
2941,0.2941,4.9907
2942,0.2942,4.9826
2943,0.2943,5.0039
2944,0.2944,4.9803
2945,0.2945,4.982
2946,0.2946,4.9793
2947,0.2947,4.9568
2948,0.2948,4.9992
2949,0.2949,4.9681
2950,0.295,4.9778
2951,0.2951,4.9752
2952,0.2952,4.9973
2953,0.2953,4.9854
2954,0.2954,4.9866
2955,0.2955,4.9612
2956,0.2956,4.9852
2957,0.2957,4.9643
2958,0.2958,4.9911
2959,0.2959,4.992
2960,0.296,4.9863
2961,0.2961,5.0172
2962,0.2962,4.9945
2963,0.2963,4.9956
2964,0.2964,4.9888
2965,0.2965,4.9838
2966,0.2966,5.0012
2967,0.2967,5.0033
2968,0.2968,4.9673
2969,0.2969,5.0026
2970,0.297,4.9945
2971,0.2971,5.0013
2972,0.2972,4.9939
2973,0.2973,4.9683
2974,0.2974,4.9694
2975,0.2975,5.0143
2976,0.2976,4.9908
2977,0.2977,4.9658
2978,0.2978,4.9923
2979,0.2979,4.9816
2980,0.298,4.9594
2981,0.2981,4.9528
2982,0.2982,4.9631
2983,0.2983,4.9913
2984,0.2984,4.9865
2985,0.2985,4.9835
2986,0.2986,4.9915
2987,0.2987,4.9963
2988,0.2988,4.9558
2989,0.2989,4.9828
2990,0.299,4.9749
2991,0.2991,4.9689
2992,0.2992,4.9792
2993,0.2993,4.9856
2994,0.2994,4.9835
2995,0.2995,4.9657
2996,0.2996,4.9803
2997,0.2997,5.0178
2998,0.2998,4.9717
2999,0.2999,4.9623
3000,0.3,4.9917
3001,0.3001,4.9966
3002,0.3002,4.9946
3003,0.3003,4.9709
3004,0.3004,5.0027
3005,0.3005,4.9759
3006,0.3006,4.9707
3007,0.3007,4.9787
3008,0.3008,4.9862
3009,0.3009,4.9985
3010,0.301,4.9972
3011,0.3011,4.9875
3012,0.3012,5.0019
3013,0.3013,4.9891
3014,0.3014,5.0014
3015,0.3015,4.9669
3016,0.3016,4.9644
3017,0.3017,4.9997
3018,0.3018,4.9672
3019,0.3019,4.9835
3020,0.302,4.9866
3021,0.3021,4.9808
3022,0.3022,4.9813
3023,0.3023,5.0091
3024,0.3024,4.9502
3025,0.3025,5.0015
3026,0.3026,5.0227
3027,0.3027,4.9886
3028,0.3028,4.988
3029,0.3029,4.9992
3030,0.303,5.0158
3031,0.3031,4.9705
3032,0.3032,4.9897
3033,0.3033,4.9856
3034,0.3034,4.9968
3035,0.3035,4.9908
3036,0.3036,4.9984
3037,0.3037,4.9822
3038,0.3038,4.9892
3039,0.3039,4.9785
3040,0.304,4.9786
3041,0.3041,4.9865
3042,0.3042,4.9865
3043,0.3043,4.971
3044,0.3044,5.0122
3045,0.3045,4.9866
3046,0.3046,4.9679
3047,0.3047,5.0052
3048,0.3048,4.9775
3049,0.3049,4.9964
3050,0.305,4.9885
3051,0.3051,4.9926
3052,0.3052,4.9914
3053,0.3053,4.9802
3054,0.3054,4.9895
3055,0.3055,5.0194
3056,0.3056,4.9554
3057,0.3057,4.9899
3058,0.3058,4.9955
3059,0.3059,4.9732
3060,0.306,4.9685
3061,0.3061,5.0214
3062,0.3062,4.9835
3063,0.3063,5.0203
3064,0.3064,4.9971
3065,0.3065,4.9903
3066,0.3066,4.9963
3067,0.3067,4.9987
3068,0.3068,5.0069
3069,0.3069,4.9957
3070,0.307,4.9914
3071,0.3071,4.9919
3072,0.3072,5.0095
3073,0.3073,5.0015
3074,0.3074,4.9743
3075,0.3075,4.9798
3076,0.3076,4.9943
3077,0.3077,4.98
3078,0.3078,4.9837
3079,0.3079,4.9751
3080,0.308,4.9855
3081,0.3081,4.9958
3082,0.3082,5.0044
3083,0.3083,4.9896
3084,0.3084,5.0206
3085,0.3085,4.9884
3086,0.3086,5.0375
3087,0.3087,5.0046
3088,0.3088,4.9971
3089,0.3089,4.9821
3090,0.309,4.9473
3091,0.3091,4.9873
3092,0.3092,4.9924
3093,0.3093,5.0185
3094,0.3094,4.969
3095,0.3095,5.0183
3096,0.3096,4.986
3097,0.3097,5.0007
3098,0.3098,4.9517
3099,0.3099,4.9919
3100,0.31,4.9847
3101,0.3101,5.0001
3102,0.3102,4.9913
3103,0.3103,4.9728
3104,0.3104,5.0041
3105,0.3105,5.0004
3106,0.3106,4.9989
3107,0.3107,5.0051
3108,0.3108,5.0065
3109,0.3109,4.9897
3110,0.311,4.9697
3111,0.3111,4.9693
3112,0.3112,5.0103
3113,0.3113,5.0008
3114,0.3114,4.9917
3115,0.3115,4.9836
3116,0.3116,4.9906
3117,0.3117,4.9906
3118,0.3118,4.9852
3119,0.3119,4.9797
3120,0.312,5.0227
3121,0.3121,4.9937
3122,0.3122,4.9812
3123,0.3123,4.9708
3124,0.3124,4.9794
3125,0.3125,5.0011
3126,0.3126,5.0017
3127,0.3127,4.9871
3128,0.3128,4.9912
3129,0.3129,4.9858
3130,0.313,4.9738
3131,0.3131,5.01
3132,0.3132,4.9961
3133,0.3133,5.0276
3134,0.3134,4.9792
3135,0.3135,4.9885
3136,0.3136,5.0038
3137,0.3137,4.9869
3138,0.3138,4.9698
3139,0.3139,4.9764
3140,0.314,4.9921
3141,0.3141,4.9958
3142,0.3142,4.9893
3143,0.3143,5.0057
3144,0.3144,5.0056
3145,0.3145,4.9956
3146,0.3146,4.9911
3147,0.3147,4.987
3148,0.3148,4.999
3149,0.3149,5.0046
3150,0.315,4.9917
3151,0.3151,4.9976
3152,0.3152,4.986
3153,0.3153,4.9697
3154,0.3154,4.9759
3155,0.3155,5.0024
3156,0.3156,4.9976
3157,0.3157,5.0148
3158,0.3158,4.9918
3159,0.3159,5.004
3160,0.316,5.0108
3161,0.3161,5.0059
3162,0.3162,4.9819
3163,0.3163,4.9883
3164,0.3164,4.993
3165,0.3165,4.9763
3166,0.3166,4.9982
3167,0.3167,5.0065
3168,0.3168,4.9839
3169,0.3169,5.0207
3170,0.317,4.9868
3171,0.3171,4.9882
3172,0.3172,4.9876
3173,0.3173,4.9806
3174,0.3174,4.9975
3175,0.3175,4.9916
3176,0.3176,5.0162
3177,0.3177,5.0004
3178,0.3178,4.9994
3179,0.3179,4.988
3180,0.318,4.9701
3181,0.3181,4.99
3182,0.3182,4.9786
3183,0.3183,5.0057
3184,0.3184,4.991
3185,0.3185,5.0164
3186,0.3186,5.0025
3187,0.3187,5.004
3188,0.3188,4.995
3189,0.3189,4.9946
3190,0.319,5.0013
3191,0.3191,5.0054
3192,0.3192,4.9809
3193,0.3193,4.999
3194,0.3194,5.0309
3195,0.3195,4.9903
3196,0.3196,4.9878
3197,0.3197,4.9813
3198,0.3198,4.9699
3199,0.3199,5.0095
3200,0.32,4.9926
3201,0.3201,4.9962
3202,0.3202,5.0194
3203,0.3203,5.0294
3204,0.3204,4.9784
3205,0.3205,5.0076
3206,0.3206,5.0011
3207,0.3207,4.9978
3208,0.3208,4.999
3209,0.3209,4.9915
3210,0.321,5.0157
3211,0.3211,5.0011
3212,0.3212,4.9971
3213,0.3213,5.0106
3214,0.3214,5.0054
3215,0.3215,4.9989
3216,0.3216,4.9969
3217,0.3217,5.0183
3218,0.3218,4.9997
3219,0.3219,4.9907
3220,0.322,4.9792
3221,0.3221,4.9869
3222,0.3222,4.9763
3223,0.3223,4.9937
3224,0.3224,4.996
3225,0.3225,4.9614
3226,0.3226,4.9924
3227,0.3227,5.0019
3228,0.3228,4.9947
3229,0.3229,4.9779
3230,0.323,5.0112
3231,0.3231,4.9818
3232,0.3232,4.9738
3233,0.3233,4.9761
3234,0.3234,4.9921
3235,0.3235,5.007
3236,0.3236,5.0098
3237,0.3237,4.9955
3238,0.3238,4.9744
3239,0.3239,4.9825
3240,0.324,4.9789
3241,0.3241,4.9897
3242,0.3242,4.9658
3243,0.3243,4.9941
3244,0.3244,5.0021
3245,0.3245,4.9902
3246,0.3246,4.9993
3247,0.3247,4.9784
3248,0.3248,4.9706
3249,0.3249,4.9829
3250,0.325,5.0099
3251,0.3251,5.008
3252,0.3252,4.9857
3253,0.3253,5.0106
3254,0.3254,4.9877
3255,0.3255,5.0152
3256,0.3256,4.9998
3257,0.3257,4.9858
3258,0.3258,5.0045
3259,0.3259,4.981
3260,0.326,4.9786
3261,0.3261,4.9709
3262,0.3262,4.9965
3263,0.3263,4.9919
3264,0.3264,4.9915
3265,0.3265,4.9866
3266,0.3266,5.0143
3267,0.3267,4.9864
3268,0.3268,4.9819
3269,0.3269,5.0115
3270,0.327,5.0141
3271,0.3271,4.9979
3272,0.3272,4.9667
3273,0.3273,4.9838
3274,0.3274,5.002
3275,0.3275,4.9931
3276,0.3276,5.0162
3277,0.3277,4.9724
3278,0.3278,5.0031
3279,0.3279,4.9835
3280,0.328,5.0128
3281,0.3281,4.9918
3282,0.3282,5.0084
3283,0.3283,4.9832
3284,0.3284,4.9718
3285,0.3285,4.9763
3286,0.3286,4.9839
3287,0.3287,4.9776
3288,0.3288,5.011
3289,0.3289,5.0131
3290,0.329,4.9972
3291,0.3291,4.9776
3292,0.3292,4.9913
3293,0.3293,4.9828
3294,0.3294,5.0149
3295,0.3295,4.9979
3296,0.3296,5.0005
3297,0.3297,4.9872
3298,0.3298,4.963
3299,0.3299,4.9816
3300,0.33,4.9764
3301,0.3301,4.9988
3302,0.3302,4.9947
3303,0.3303,4.9812
3304,0.3304,4.9874
3305,0.3305,5.0168
3306,0.3306,4.9789
3307,0.3307,4.9795
3308,0.3308,4.9899
3309,0.3309,4.9828
3310,0.331,4.9869
3311,0.3311,5.0013
3312,0.3312,5.0193
3313,0.3313,4.9667
3314,0.3314,4.9931
3315,0.3315,4.994
3316,0.3316,4.9922
3317,0.3317,4.9906
3318,0.3318,4.9883
3319,0.3319,5.0085
3320,0.332,4.9865
3321,0.3321,4.9916
3322,0.3322,4.9935
3323,0.3323,4.9951
3324,0.3324,4.991
3325,0.3325,5.0085
3326,0.3326,4.9934
3327,0.3327,4.9962
3328,0.3328,4.9928
3329,0.3329,4.9785
3330,0.333,4.9811
3331,0.3331,4.9779
3332,0.3332,4.9965
3333,0.3333,4.9829
3334,0.3334,4.9777
3335,0.3335,4.9972
3336,0.3336,5.0015
3337,0.3337,4.9673
3338,0.3338,5.019
3339,0.3339,4.9942
3340,0.334,4.9921
3341,0.3341,5.0097
3342,0.3342,4.9948
3343,0.3343,4.9847
3344,0.3344,5.0267
3345,0.3345,4.9777
3346,0.3346,4.9923
3347,0.3347,5.0065
3348,0.3348,4.9778
3349,0.3349,4.9923
3350,0.335,4.9996
3351,0.3351,5.0299
3352,0.3352,4.9805
3353,0.3353,4.9932
3354,0.3354,5.0038
3355,0.3355,4.9951
3356,0.3356,4.9759
3357,0.3357,5.0001
3358,0.3358,4.9956
3359,0.3359,5.0006
3360,0.336,5.0109
3361,0.3361,5.0092
3362,0.3362,5.0001
3363,0.3363,4.9987
3364,0.3364,4.9775
3365,0.3365,4.992
3366,0.3366,4.9973
3367,0.3367,4.988
3368,0.3368,4.9955
3369,0.3369,4.9817
3370,0.337,5.0171
3371,0.3371,5.0264
3372,0.3372,4.9883
3373,0.3373,5.0001
3374,0.3374,4.9906
3375,0.3375,5.0131
3376,0.3376,5.0007
3377,0.3377,4.9953
3378,0.3378,4.9908
3379,0.3379,4.9961
3380,0.338,4.9792
3381,0.3381,5.0043
3382,0.3382,4.9835
3383,0.3383,5.0023
3384,0.3384,4.9962
3385,0.3385,5.0107
3386,0.3386,4.994
3387,0.3387,5.0096
3388,0.3388,4.9805
3389,0.3389,5.0034
3390,0.339,4.991
3391,0.3391,4.9972
3392,0.3392,4.9954
3393,0.3393,5.0084
3394,0.3394,4.9641
3395,0.3395,4.9992
3396,0.3396,4.972
3397,0.3397,5.0125
3398,0.3398,4.9648
3399,0.3399,4.9794
3400,0.34,4.9693
3401,0.3401,5.019
3402,0.3402,4.9751
3403,0.3403,4.9962
3404,0.3404,4.9864
3405,0.3405,4.9675
3406,0.3406,4.9894
3407,0.3407,5.0044
3408,0.3408,4.9918
3409,0.3409,5.0086
3410,0.341,4.9891
3411,0.3411,4.9947
3412,0.3412,4.9888
3413,0.3413,4.9997
3414,0.3414,5.0231
3415,0.3415,5.0
3416,0.3416,4.9975
3417,0.3417,4.9853
3418,0.3418,4.9833
3419,0.3419,5.0166
3420,0.342,4.978
3421,0.3421,4.981
3422,0.3422,4.9932
3423,0.3423,4.9883
3424,0.3424,5.024
3425,0.3425,4.9592
3426,0.3426,5.0001
3427,0.3427,5.0054
3428,0.3428,4.9779
3429,0.3429,4.9851
3430,0.343,5.0012
3431,0.3431,5.0192
3432,0.3432,4.981
3433,0.3433,4.9711
3434,0.3434,5.0094
3435,0.3435,5.0177
3436,0.3436,4.9898
3437,0.3437,4.9616
3438,0.3438,5.0166
3439,0.3439,4.9919
3440,0.344,5.0117
3441,0.3441,4.9942
3442,0.3442,4.9892
3443,0.3443,4.9881
3444,0.3444,5.017
3445,0.3445,5.0164
3446,0.3446,4.9629
3447,0.3447,4.9809
3448,0.3448,5.0216
3449,0.3449,4.9894
3450,0.345,4.9746
3451,0.3451,4.995
3452,0.3452,4.9934
3453,0.3453,4.9935
3454,0.3454,4.9878
3455,0.3455,4.9904
3456,0.3456,4.9882
3457,0.3457,5.0
3458,0.3458,4.9828
3459,0.3459,4.9907
3460,0.346,4.9929
3461,0.3461,5.0147
3462,0.3462,5.0007
3463,0.3463,4.9934
3464,0.3464,5.0031
3465,0.3465,5.0012
3466,0.3466,5.0114
3467,0.3467,5.0027
3468,0.3468,5.022
3469,0.3469,5.0153
3470,0.347,4.9945
3471,0.3471,4.989
3472,0.3472,5.0084
3473,0.3473,5.0029
3474,0.3474,4.9938
3475,0.3475,4.9731
3476,0.3476,4.9677
3477,0.3477,5.0004
3478,0.3478,5.0068
3479,0.3479,5.0073
3480,0.348,4.9759
3481,0.3481,5.0108
3482,0.3482,4.9873
3483,0.3483,5.0011
3484,0.3484,5.0015
3485,0.3485,4.9833
3486,0.3486,4.9864
3487,0.3487,4.9642
3488,0.3488,4.9816
3489,0.3489,4.9683
3490,0.349,5.0019
3491,0.3491,4.9963
3492,0.3492,5.0091
3493,0.3493,5.0007
3494,0.3494,4.9859
3495,0.3495,5.0006
3496,0.3496,4.9895
3497,0.3497,5.0045
3498,0.3498,5.0002
3499,0.3499,4.9806
3500,0.35,4.9955
3501,0.3501,4.9963
3502,0.3502,4.9908
3503,0.3503,5.0089
3504,0.3504,5.0212
3505,0.3505,4.99
3506,0.3506,4.9902
3507,0.3507,4.9618
3508,0.3508,4.9936
3509,0.3509,4.989
3510,0.351,4.9631
3511,0.3511,4.9999
3512,0.3512,5.0044
3513,0.3513,4.9845
3514,0.3514,4.99
3515,0.3515,4.9811
3516,0.3516,5.007
3517,0.3517,4.9728
3518,0.3518,4.9909
3519,0.3519,5.0249
3520,0.352,4.9964
3521,0.3521,5.0026
3522,0.3522,4.9934
3523,0.3523,4.978
3524,0.3524,4.9952
3525,0.3525,5.0018
3526,0.3526,4.9803
3527,0.3527,5.0008
3528,0.3528,5.0144
3529,0.3529,5.0117
3530,0.353,4.972
3531,0.3531,4.9811
3532,0.3532,4.9715
3533,0.3533,5.0118
3534,0.3534,5.0049
3535,0.3535,5.0063
3536,0.3536,4.9826
3537,0.3537,4.9783
3538,0.3538,4.9969
3539,0.3539,4.9973
3540,0.354,4.983
3541,0.3541,4.9979
3542,0.3542,5.0055
3543,0.3543,4.9992
3544,0.3544,4.9802
3545,0.3545,4.9641
3546,0.3546,4.992
3547,0.3547,4.9983
3548,0.3548,4.992
3549,0.3549,4.9894
3550,0.355,4.9855
3551,0.3551,5.0066
3552,0.3552,4.9951
3553,0.3553,4.9977
3554,0.3554,4.9813
3555,0.3555,4.9866
3556,0.3556,4.9984
3557,0.3557,4.9809
3558,0.3558,4.9771
3559,0.3559,4.991
3560,0.356,5.014
3561,0.3561,4.9988
3562,0.3562,5.0179
3563,0.3563,4.994
3564,0.3564,4.9913
3565,0.3565,4.9751
3566,0.3566,4.9874
3567,0.3567,5.0175
3568,0.3568,5.0009
3569,0.3569,5.007
3570,0.357,5.0066
3571,0.3571,4.9959
3572,0.3572,4.993
3573,0.3573,4.9978
3574,0.3574,5.0061
3575,0.3575,5.0029
3576,0.3576,5.0035
3577,0.3577,4.9984
3578,0.3578,4.9846
3579,0.3579,4.9922
3580,0.358,4.982
3581,0.3581,5.0112
3582,0.3582,4.9646
3583,0.3583,4.9929
3584,0.3584,5.032
3585,0.3585,4.991
3586,0.3586,4.9791
3587,0.3587,4.9959
3588,0.3588,5.0155
3589,0.3589,4.9938
3590,0.359,5.0054
3591,0.3591,4.9977
3592,0.3592,4.9906
3593,0.3593,5.0435
3594,0.3594,4.9973
3595,0.3595,4.9882
3596,0.3596,4.9889
3597,0.3597,5.002
3598,0.3598,5.0024
3599,0.3599,5.0078
3600,0.36,4.9984
3601,0.3601,4.9748
3602,0.3602,5.0043
3603,0.3603,4.9917
3604,0.3604,4.992
3605,0.3605,4.9741
3606,0.3606,4.9877
3607,0.3607,4.9854
3608,0.3608,4.9958
3609,0.3609,4.9745
3610,0.361,4.9971
3611,0.3611,4.9982
3612,0.3612,4.9796
3613,0.3613,4.987
3614,0.3614,4.9835
3615,0.3615,5.01
3616,0.3616,4.9585
3617,0.3617,4.9912
3618,0.3618,4.9715
3619,0.3619,4.9899
3620,0.362,5.0091
3621,0.3621,4.987
3622,0.3622,4.9985
3623,0.3623,4.9838
3624,0.3624,5.0255
3625,0.3625,5.0101
3626,0.3626,5.0134
3627,0.3627,4.9765
3628,0.3628,4.98
3629,0.3629,5.0127
3630,0.363,4.9936
3631,0.3631,4.9926
3632,0.3632,5.0015
3633,0.3633,4.9777
3634,0.3634,5.0081
3635,0.3635,4.9968
3636,0.3636,5.0037
3637,0.3637,4.9865
3638,0.3638,5.0042
3639,0.3639,4.986
3640,0.364,5.0109
3641,0.3641,5.0135
3642,0.3642,5.0102
3643,0.3643,5.0043
3644,0.3644,5.0061
3645,0.3645,4.956
3646,0.3646,5.0091
3647,0.3647,4.9925
3648,0.3648,4.998
3649,0.3649,4.9924
3650,0.365,4.9758
3651,0.3651,4.9885
3652,0.3652,5.0065
3653,0.3653,5.0179
3654,0.3654,4.9873
3655,0.3655,4.9831
3656,0.3656,5.0184
3657,0.3657,4.9834
3658,0.3658,5.0278
3659,0.3659,4.9974
3660,0.366,4.9834
3661,0.3661,5.0115
3662,0.3662,5.0221
3663,0.3663,4.9752
3664,0.3664,5.0201
3665,0.3665,4.9925
3666,0.3666,5.019
3667,0.3667,4.991
3668,0.3668,4.9731
3669,0.3669,5.0043
3670,0.367,5.0107
3671,0.3671,5.0282
3672,0.3672,5.0226
3673,0.3673,5.0072
3674,0.3674,4.9932
3675,0.3675,4.989
3676,0.3676,4.9924
3677,0.3677,4.9843
3678,0.3678,4.9927
3679,0.3679,4.9586
3680,0.368,4.9995
3681,0.3681,4.9964
3682,0.3682,5.0353
3683,0.3683,5.0082
3684,0.3684,4.9896
3685,0.3685,5.0053
3686,0.3686,4.9785
3687,0.3687,4.9878
3688,0.3688,4.9689
3689,0.3689,5.0184
3690,0.369,5.0058
3691,0.3691,4.9793
3692,0.3692,4.996
3693,0.3693,5.0111
3694,0.3694,5.0043
3695,0.3695,5.0026
3696,0.3696,4.9841
3697,0.3697,4.9874
3698,0.3698,4.9984
3699,0.3699,5.0107
3700,0.37,4.9845
3701,0.3701,4.9801
3702,0.3702,5.0141
3703,0.3703,4.983
3704,0.3704,5.0131
3705,0.3705,5.0006
3706,0.3706,5.0102
3707,0.3707,5.0232
3708,0.3708,5.0073
3709,0.3709,5.0086
3710,0.371,4.9832
3711,0.3711,4.9866
3712,0.3712,5.0067
3713,0.3713,5.02
3714,0.3714,5.0179
3715,0.3715,5.0318
3716,0.3716,5.0017
3717,0.3717,5.0001
3718,0.3718,5.0121
3719,0.3719,4.9973
3720,0.372,4.9961
3721,0.3721,4.9814
3722,0.3722,5.0119
3723,0.3723,4.981
3724,0.3724,5.0048
3725,0.3725,4.9758
3726,0.3726,5.0135
3727,0.3727,4.9817
3728,0.3728,5.0098
3729,0.3729,4.9733
3730,0.373,4.9905
3731,0.3731,5.0148
3732,0.3732,4.9851
3733,0.3733,4.9981
3734,0.3734,4.99
3735,0.3735,4.9625
3736,0.3736,5.0018
3737,0.3737,5.0036
3738,0.3738,4.9806
3739,0.3739,5.0058
3740,0.374,4.9852
3741,0.3741,4.9821
3742,0.3742,4.9973
3743,0.3743,4.987
3744,0.3744,5.0316
3745,0.3745,4.9739
3746,0.3746,5.0083
3747,0.3747,5.0121
3748,0.3748,4.9675
3749,0.3749,4.9712
3750,0.375,5.0057
3751,0.3751,4.99
3752,0.3752,5.003
3753,0.3753,5.0143
3754,0.3754,4.9917
3755,0.3755,4.9813
3756,0.3756,4.9563
3757,0.3757,5.0003
3758,0.3758,4.9833
3759,0.3759,5.002
3760,0.376,5.0008
3761,0.3761,4.9765
3762,0.3762,5.0232
3763,0.3763,5.0136
3764,0.3764,5.01
3765,0.3765,4.9795
3766,0.3766,4.9912
3767,0.3767,4.9891
3768,0.3768,4.9911
3769,0.3769,4.9805
3770,0.377,5.0039
3771,0.3771,5.0008
3772,0.3772,5.0028
3773,0.3773,4.9898
3774,0.3774,5.0167
3775,0.3775,5.0002
3776,0.3776,4.9563
3777,0.3777,4.9878
3778,0.3778,4.9965
3779,0.3779,5.0119
3780,0.378,4.9929
3781,0.3781,4.9936
3782,0.3782,4.9875
3783,0.3783,5.0074
3784,0.3784,4.9907
3785,0.3785,4.9884
3786,0.3786,4.9863
3787,0.3787,5.0058
3788,0.3788,4.9894
3789,0.3789,4.9723
3790,0.379,5.0068
3791,0.3791,4.9869
3792,0.3792,5.0028
3793,0.3793,5.0031
3794,0.3794,5.0155
3795,0.3795,5.0131
3796,0.3796,4.9889
3797,0.3797,4.995
3798,0.3798,4.9781
3799,0.3799,5.0227
3800,0.38,5.0041
3801,0.3801,5.0184
3802,0.3802,4.9927
3803,0.3803,4.9668
3804,0.3804,5.0205
3805,0.3805,4.9989
3806,0.3806,4.9995
3807,0.3807,4.9984
3808,0.3808,5.0072
3809,0.3809,5.0055
3810,0.381,4.9737
3811,0.3811,5.0139
3812,0.3812,4.9896
3813,0.3813,4.9906
3814,0.3814,5.0235
3815,0.3815,5.0114
3816,0.3816,4.9925
3817,0.3817,4.9697
3818,0.3818,5.0
3819,0.3819,5.0057
3820,0.382,4.9964
3821,0.3821,4.9789
3822,0.3822,4.9857
3823,0.3823,4.9788
3824,0.3824,5.0008
3825,0.3825,5.0099
3826,0.3826,5.013
3827,0.3827,4.9866
3828,0.3828,5.0012
3829,0.3829,5.0059
3830,0.383,4.99
3831,0.3831,4.9954
3832,0.3832,5.0295
3833,0.3833,5.0007
3834,0.3834,5.0109
3835,0.3835,4.9911
3836,0.3836,4.9983
3837,0.3837,4.972
3838,0.3838,4.9973
3839,0.3839,5.0156
3840,0.384,5.0292
3841,0.3841,5.0156
3842,0.3842,5.008
3843,0.3843,4.9985
3844,0.3844,4.9887
3845,0.3845,4.9953
3846,0.3846,5.0069
3847,0.3847,4.9859
3848,0.3848,5.0117
3849,0.3849,4.983
3850,0.385,4.971
3851,0.3851,4.9826
3852,0.3852,4.9728
3853,0.3853,4.9772
3854,0.3854,5.0147
3855,0.3855,4.9948
3856,0.3856,5.001
3857,0.3857,5.0151
3858,0.3858,5.0167
3859,0.3859,4.9902
3860,0.386,5.0177
3861,0.3861,5.0036
3862,0.3862,4.9978
3863,0.3863,5.0044
3864,0.3864,4.9764
3865,0.3865,4.986
3866,0.3866,4.9962
3867,0.3867,5.007
3868,0.3868,4.9922
3869,0.3869,4.9959
3870,0.387,5.0124
3871,0.3871,5.019
3872,0.3872,5.0093
3873,0.3873,5.0169
3874,0.3874,4.9918
3875,0.3875,4.9932
3876,0.3876,5.0026
3877,0.3877,4.9933
3878,0.3878,4.9903
3879,0.3879,5.0226
3880,0.388,4.9949
3881,0.3881,4.9834
3882,0.3882,5.0052
3883,0.3883,5.0254
3884,0.3884,4.9991
3885,0.3885,5.0164
3886,0.3886,4.9913
3887,0.3887,4.9905
3888,0.3888,4.9876
3889,0.3889,4.9958
3890,0.389,5.0255
3891,0.3891,4.9806
3892,0.3892,5.0225
3893,0.3893,4.9828
3894,0.3894,4.9944
3895,0.3895,5.0105
3896,0.3896,5.0074
3897,0.3897,5.0022
3898,0.3898,4.9732
3899,0.3899,5.0034
3900,0.39,4.9826
3901,0.3901,5.0365
3902,0.3902,4.9948
3903,0.3903,5.0008
3904,0.3904,4.9808
3905,0.3905,4.9908
3906,0.3906,4.9786
3907,0.3907,5.0127
3908,0.3908,4.9941
3909,0.3909,5.0064
3910,0.391,4.9877
3911,0.3911,4.9905
3912,0.3912,5.0173
3913,0.3913,4.9834
3914,0.3914,4.971
3915,0.3915,5.0041
3916,0.3916,4.9809
3917,0.3917,4.9914
3918,0.3918,5.0117
3919,0.3919,4.9857
3920,0.392,5.0112
3921,0.3921,4.9878
3922,0.3922,5.0204
3923,0.3923,5.0179
3924,0.3924,4.991
3925,0.3925,4.9949
3926,0.3926,4.9856
3927,0.3927,5.0011
3928,0.3928,5.0153
3929,0.3929,4.9764
3930,0.393,5.0118
3931,0.3931,4.9782
3932,0.3932,4.9852
3933,0.3933,4.9713
3934,0.3934,5.0297
3935,0.3935,4.999
3936,0.3936,5.0018
3937,0.3937,4.988
3938,0.3938,5.0141
3939,0.3939,4.9666
3940,0.394,4.9985
3941,0.3941,5.0312
3942,0.3942,4.9924
3943,0.3943,4.9984
3944,0.3944,5.0082
3945,0.3945,4.986
3946,0.3946,4.9985
3947,0.3947,5.0126
3948,0.3948,5.0011
3949,0.3949,5.0037
3950,0.395,4.9929
3951,0.3951,5.0029
3952,0.3952,4.999
3953,0.3953,5.02
3954,0.3954,5.009
3955,0.3955,4.9945
3956,0.3956,4.9615
3957,0.3957,5.0089
3958,0.3958,5.0095
3959,0.3959,4.9844
3960,0.396,4.9682
3961,0.3961,4.9811
3962,0.3962,5.0121
3963,0.3963,4.9822
3964,0.3964,4.9913
3965,0.3965,5.0015
3966,0.3966,5.0166
3967,0.3967,4.9979
3968,0.3968,4.9967
3969,0.3969,4.99
3970,0.397,5.0227
3971,0.3971,5.0142
3972,0.3972,4.9968
3973,0.3973,4.9773
3974,0.3974,4.9864
3975,0.3975,5.0069
3976,0.3976,4.9874
3977,0.3977,5.0116
3978,0.3978,5.0037
3979,0.3979,5.0026
3980,0.398,5.0081
3981,0.3981,5.0057
3982,0.3982,4.9854
3983,0.3983,4.9934
3984,0.3984,5.0334
3985,0.3985,4.9802
3986,0.3986,4.9912
3987,0.3987,5.0143
3988,0.3988,4.9959
3989,0.3989,4.9861
3990,0.399,4.9784
3991,0.3991,5.0063
3992,0.3992,5.0136
3993,0.3993,5.0193
3994,0.3994,4.9991
3995,0.3995,5.014
3996,0.3996,4.9828
3997,0.3997,5.0008
3998,0.3998,4.9882
3999,0.3999,5.0009
4000,0.4,5.0096
4001,0.4001,5.0144
4002,0.4002,4.9835
4003,0.4003,5.0173
4004,0.4004,4.9912
4005,0.4005,4.983
4006,0.4006,4.9958
4007,0.4007,4.9764
4008,0.4008,4.9984
4009,0.4009,5.0027
4010,0.401,4.9954
4011,0.4011,5.0064
4012,0.4012,4.9936
4013,0.4013,4.9984
4014,0.4014,4.9768
4015,0.4015,4.999
4016,0.4016,4.9856
4017,0.4017,4.9916
4018,0.4018,4.997
4019,0.4019,5.0012
4020,0.402,4.9737
4021,0.4021,4.9749
4022,0.4022,4.9939
4023,0.4023,5.0055
4024,0.4024,5.0038
4025,0.4025,5.0118
4026,0.4026,5.0179
4027,0.4027,5.0059
4028,0.4028,4.9981
4029,0.4029,4.9829
4030,0.403,4.9842
4031,0.4031,4.9914
4032,0.4032,5.0024
4033,0.4033,5.0017
4034,0.4034,4.9985
4035,0.4035,4.9961
4036,0.4036,5.0079
4037,0.4037,5.0016
4038,0.4038,5.0029
4039,0.4039,5.0031
4040,0.404,4.9903
4041,0.4041,4.983
4042,0.4042,5.0058
4043,0.4043,5.0047
4044,0.4044,4.9952
4045,0.4045,4.9922
4046,0.4046,5.0326
4047,0.4047,4.9871
4048,0.4048,4.9952
4049,0.4049,5.0025
4050,0.405,4.9812
4051,0.4051,5.0002
4052,0.4052,5.0255
4053,0.4053,5.0125
4054,0.4054,5.008
4055,0.4055,5.0074
4056,0.4056,5.0002
4057,0.4057,5.0129
4058,0.4058,4.9962
4059,0.4059,4.9922
4060,0.406,5.0
4061,0.4061,5.0121
4062,0.4062,5.0035
4063,0.4063,5.0086
4064,0.4064,4.9682
4065,0.4065,5.0164
4066,0.4066,5.0336
4067,0.4067,5.0186
4068,0.4068,4.9938
4069,0.4069,4.9858
4070,0.407,5.0027
4071,0.4071,4.9837
4072,0.4072,5.0094
4073,0.4073,4.9907
4074,0.4074,5.013
4075,0.4075,5.019
4076,0.4076,4.9681
4077,0.4077,5.003
4078,0.4078,4.9881
4079,0.4079,4.9774
4080,0.408,4.9893
4081,0.4081,4.9953
4082,0.4082,5.0141
4083,0.4083,4.9758
4084,0.4084,5.0143
4085,0.4085,5.0289
4086,0.4086,5.0075
4087,0.4087,5.0068
4088,0.4088,4.9984
4089,0.4089,4.981
4090,0.409,5.0066
4091,0.4091,5.0044
4092,0.4092,5.0096
4093,0.4093,5.0371
4094,0.4094,5.0095
4095,0.4095,5.005
4096,0.4096,5.022
4097,0.4097,4.9784
4098,0.4098,4.9815
4099,0.4099,4.993
4100,0.41,4.9888
4101,0.4101,5.009
4102,0.4102,4.9939
4103,0.4103,5.0247
4104,0.4104,5.0214
4105,0.4105,5.0102
4106,0.4106,4.9929
4107,0.4107,5.0079
4108,0.4108,5.0108
4109,0.4109,4.9827
4110,0.411,5.0039
4111,0.4111,5.0092
4112,0.4112,5.0019
4113,0.4113,5.0222
4114,0.4114,5.0169
4115,0.4115,4.9863
4116,0.4116,5.0005
4117,0.4117,4.9861
4118,0.4118,5.0074
4119,0.4119,4.9857
4120,0.412,5.0125
4121,0.4121,5.0045
4122,0.4122,5.0132
4123,0.4123,4.9965
4124,0.4124,4.9768
4125,0.4125,5.0252
4126,0.4126,4.9961
4127,0.4127,5.0193
4128,0.4128,5.0052
4129,0.4129,5.0088
4130,0.413,5.0262
4131,0.4131,5.0038
4132,0.4132,5.0197
4133,0.4133,4.9764
4134,0.4134,5.0118
4135,0.4135,4.9951
4136,0.4136,4.9967
4137,0.4137,4.9989
4138,0.4138,5.0039
4139,0.4139,5.0236
4140,0.414,4.9709
4141,0.4141,4.9994
4142,0.4142,4.988
4143,0.4143,5.0162
4144,0.4144,4.9924
4145,0.4145,5.0056
4146,0.4146,4.9928
4147,0.4147,5.0088
4148,0.4148,5.014
4149,0.4149,4.9928
4150,0.415,4.9995
4151,0.4151,4.9775
4152,0.4152,5.0033
4153,0.4153,5.0116
4154,0.4154,4.9904
4155,0.4155,5.0156
4156,0.4156,4.9677
4157,0.4157,4.971
4158,0.4158,4.978
4159,0.4159,4.9915
4160,0.416,4.9991
4161,0.4161,4.9976
4162,0.4162,4.9978
4163,0.4163,5.0096
4164,0.4164,4.9917
4165,0.4165,4.9798
4166,0.4166,4.9801
4167,0.4167,5.0305
4168,0.4168,4.9635
4169,0.4169,4.9962
4170,0.417,5.0207
4171,0.4171,5.0061
4172,0.4172,4.9864
4173,0.4173,4.9988
4174,0.4174,5.0118
4175,0.4175,5.0169
4176,0.4176,4.9853
4177,0.4177,5.0102
4178,0.4178,5.0026
4179,0.4179,5.0154
4180,0.418,5.0197
4181,0.4181,4.9937
4182,0.4182,4.9771
4183,0.4183,5.0048
4184,0.4184,5.0255
4185,0.4185,5.0091
4186,0.4186,5.0023
4187,0.4187,5.0349
4188,0.4188,4.9832
4189,0.4189,5.0124
4190,0.419,4.9903
4191,0.4191,4.9996
4192,0.4192,5.0002
4193,0.4193,5.0216
4194,0.4194,4.9848
4195,0.4195,4.9908
4196,0.4196,4.975
4197,0.4197,5.0062
4198,0.4198,4.992
4199,0.4199,5.0052
4200,0.42,4.9828
4201,0.4201,4.9935
4202,0.4202,5.0145
4203,0.4203,4.9963
4204,0.4204,5.0083
4205,0.4205,5.0068
4206,0.4206,4.9936
4207,0.4207,4.9755
4208,0.4208,5.0137
4209,0.4209,5.0015
4210,0.421,5.0136
4211,0.4211,4.9687
4212,0.4212,4.9741
4213,0.4213,4.9668
4214,0.4214,4.9858
4215,0.4215,5.0145
4216,0.4216,5.0074
4217,0.4217,4.9984
4218,0.4218,5.0009
4219,0.4219,5.0103
4220,0.422,4.9944
4221,0.4221,5.0049
4222,0.4222,5.001
4223,0.4223,4.9661
4224,0.4224,4.9932
4225,0.4225,5.0193
4226,0.4226,4.993
4227,0.4227,4.9968
4228,0.4228,4.9898
4229,0.4229,4.9917
4230,0.423,5.0158
4231,0.4231,4.9949
4232,0.4232,4.9836
4233,0.4233,4.9523
4234,0.4234,4.9904
4235,0.4235,4.9694
4236,0.4236,4.9716
4237,0.4237,5.0109
4238,0.4238,5.0096
4239,0.4239,4.9702
4240,0.424,5.0117
4241,0.4241,5.0059
4242,0.4242,4.9872
4243,0.4243,5.01
4244,0.4244,4.9746
4245,0.4245,4.9809
4246,0.4246,4.9774
4247,0.4247,4.9823
4248,0.4248,5.0122
4249,0.4249,4.979
4250,0.425,4.9817
4251,0.4251,4.9847
4252,0.4252,5.0019
4253,0.4253,4.9939
4254,0.4254,5.0119
4255,0.4255,4.9883
4256,0.4256,4.9797
4257,0.4257,4.9914
4258,0.4258,4.9995
4259,0.4259,4.985
4260,0.426,5.0031
4261,0.4261,5.0262
4262,0.4262,4.9902
4263,0.4263,4.9996
4264,0.4264,5.0192
4265,0.4265,4.9891
4266,0.4266,4.9861
4267,0.4267,4.9824
4268,0.4268,5.0048
4269,0.4269,5.0065
4270,0.427,4.9966
4271,0.4271,4.9994
4272,0.4272,5.0179
4273,0.4273,5.0118
4274,0.4274,4.9777
4275,0.4275,4.9986
4276,0.4276,5.0003
4277,0.4277,5.0095
4278,0.4278,4.9953
4279,0.4279,4.989
4280,0.428,4.9918
4281,0.4281,4.972
4282,0.4282,4.9983
4283,0.4283,4.9897
4284,0.4284,5.0056
4285,0.4285,4.9832
4286,0.4286,4.9921
4287,0.4287,4.9839
4288,0.4288,4.9826
4289,0.4289,5.0091
4290,0.429,4.9916
4291,0.4291,5.0052
4292,0.4292,4.9818
4293,0.4293,5.0
4294,0.4294,4.9732
4295,0.4295,4.9913
4296,0.4296,4.991
4297,0.4297,5.0072
4298,0.4298,5.0012
4299,0.4299,4.9959
4300,0.43,5.011
4301,0.4301,5.0013
4302,0.4302,5.0065
4303,0.4303,5.0099
4304,0.4304,4.9975
4305,0.4305,4.994
4306,0.4306,5.0033
4307,0.4307,4.9922
4308,0.4308,5.0042
4309,0.4309,5.015
4310,0.431,5.0112
4311,0.4311,4.9927
4312,0.4312,4.9792
4313,0.4313,4.9976
4314,0.4314,4.9965
4315,0.4315,5.015
4316,0.4316,4.9927
4317,0.4317,4.9953
4318,0.4318,5.0094
4319,0.4319,4.9913
4320,0.432,4.996
4321,0.4321,5.0241
4322,0.4322,5.0207
4323,0.4323,5.0078
4324,0.4324,5.0024
4325,0.4325,4.9839
4326,0.4326,5.0068
4327,0.4327,4.9993
4328,0.4328,5.0017
4329,0.4329,4.9907
4330,0.433,4.9982
4331,0.4331,4.9957
4332,0.4332,5.0032
4333,0.4333,5.0198
4334,0.4334,5.0038
4335,0.4335,4.9736
4336,0.4336,4.9839
4337,0.4337,4.9747
4338,0.4338,4.9866
4339,0.4339,5.0068
4340,0.434,5.0044
4341,0.4341,4.9895
4342,0.4342,5.0024
4343,0.4343,4.9871
4344,0.4344,4.9772
4345,0.4345,4.9774
4346,0.4346,4.9856
4347,0.4347,5.0197
4348,0.4348,4.9784
4349,0.4349,5.0171
4350,0.435,5.0183
4351,0.4351,4.9957
4352,0.4352,4.9977
4353,0.4353,4.9893
4354,0.4354,4.9981
4355,0.4355,5.0083
4356,0.4356,4.9986
4357,0.4357,5.0134
4358,0.4358,5.0162
4359,0.4359,5.0036
4360,0.436,5.0033
4361,0.4361,4.9975
4362,0.4362,5.0036
4363,0.4363,4.9817
4364,0.4364,5.0045
4365,0.4365,5.0015
4366,0.4366,4.9855
4367,0.4367,5.0306
4368,0.4368,4.9839
4369,0.4369,4.9854
4370,0.437,5.0026
4371,0.4371,4.9694
4372,0.4372,4.9866
4373,0.4373,4.9756
4374,0.4374,4.984
4375,0.4375,4.9964
4376,0.4376,5.0032
4377,0.4377,5.0149
4378,0.4378,5.0105
4379,0.4379,5.0162
4380,0.438,5.0072
4381,0.4381,4.9914
4382,0.4382,5.0151
4383,0.4383,4.9911
4384,0.4384,4.9892
4385,0.4385,5.0213
4386,0.4386,5.0102
4387,0.4387,5.0017
4388,0.4388,5.0097
4389,0.4389,5.0116
4390,0.439,4.978
4391,0.4391,4.997
4392,0.4392,4.9807
4393,0.4393,5.0002
4394,0.4394,4.9884
4395,0.4395,5.0188
4396,0.4396,5.0062
4397,0.4397,4.9863
4398,0.4398,4.9981
4399,0.4399,4.9803
4400,0.44,4.999
4401,0.4401,5.0066
4402,0.4402,5.0024
4403,0.4403,4.9695
4404,0.4404,4.9934
4405,0.4405,5.006
4406,0.4406,5.003
4407,0.4407,5.0158
4408,0.4408,4.9791
4409,0.4409,5.0063
4410,0.441,4.9887
4411,0.4411,5.0013
4412,0.4412,5.0045
4413,0.4413,5.0087
4414,0.4414,4.9898
4415,0.4415,5.0012
4416,0.4416,4.9809
4417,0.4417,4.9773
4418,0.4418,5.0067
4419,0.4419,4.9976
4420,0.442,4.9741
4421,0.4421,4.9857
4422,0.4422,4.9987
4423,0.4423,5.0217
4424,0.4424,5.0141
4425,0.4425,5.0104
4426,0.4426,4.9716
4427,0.4427,4.997
4428,0.4428,5.0056
4429,0.4429,5.0043
4430,0.443,5.0047
4431,0.4431,4.9949
4432,0.4432,5.0248
4433,0.4433,5.0206
4434,0.4434,4.997
4435,0.4435,4.9837
4436,0.4436,5.0292
4437,0.4437,4.9901
4438,0.4438,5.0164
4439,0.4439,5.0271
4440,0.444,4.9843
4441,0.4441,5.0028
4442,0.4442,4.9932
4443,0.4443,5.0062
4444,0.4444,5.0032
4445,0.4445,5.0276
4446,0.4446,5.0073
4447,0.4447,4.9983
4448,0.4448,5.0153
4449,0.4449,4.9944
4450,0.445,4.993
4451,0.4451,5.032
4452,0.4452,4.9861
4453,0.4453,4.9911
4454,0.4454,4.9991
4455,0.4455,4.9826
4456,0.4456,4.9668
4457,0.4457,5.0143
4458,0.4458,4.9867
4459,0.4459,4.9903
4460,0.446,4.9929
4461,0.4461,4.9837
4462,0.4462,4.9823
4463,0.4463,5.0009
4464,0.4464,5.0344
4465,0.4465,5.0095
4466,0.4466,5.0097
4467,0.4467,4.9759
4468,0.4468,4.9981
4469,0.4469,4.9807
4470,0.447,5.01
4471,0.4471,4.995
4472,0.4472,4.999
4473,0.4473,4.9971
4474,0.4474,4.9897
4475,0.4475,4.9756
4476,0.4476,5.0072
4477,0.4477,4.9777
4478,0.4478,4.9808
4479,0.4479,4.994
4480,0.448,4.9879
4481,0.4481,5.0024
4482,0.4482,5.0136
4483,0.4483,5.0022
4484,0.4484,5.0014
4485,0.4485,4.9988
4486,0.4486,5.0114
4487,0.4487,4.9708
4488,0.4488,5.004
4489,0.4489,4.9845
4490,0.449,4.98
4491,0.4491,4.9986
4492,0.4492,4.9927
4493,0.4493,5.0072
4494,0.4494,5.015
4495,0.4495,4.9636
4496,0.4496,4.9974
4497,0.4497,5.0279
4498,0.4498,5.0115
4499,0.4499,5.0202
4500,0.45,5.0
4501,0.4501,4.977
4502,0.4502,4.9816
4503,0.4503,5.0092
4504,0.4504,5.0129
4505,0.4505,4.9875
4506,0.4506,4.9945
4507,0.4507,5.0024
4508,0.4508,4.9723
4509,0.4509,4.9933
4510,0.451,5.0228
4511,0.4511,5.0313
4512,0.4512,4.9969
4513,0.4513,5.026
4514,0.4514,4.9906
4515,0.4515,4.9864
4516,0.4516,4.9649
4517,0.4517,5.0129
4518,0.4518,4.9929
4519,0.4519,5.0336
4520,0.452,5.0035
4521,0.4521,5.0014
4522,0.4522,4.9714
4523,0.4523,5.021
4524,0.4524,4.9931
4525,0.4525,4.9961
4526,0.4526,4.9654
4527,0.4527,5.0124
4528,0.4528,5.0134
4529,0.4529,4.9895
4530,0.453,4.9999
4531,0.4531,5.0044
4532,0.4532,5.013
4533,0.4533,5.0001
4534,0.4534,5.0244
4535,0.4535,4.9949
4536,0.4536,4.9895
4537,0.4537,4.9916
4538,0.4538,4.9605
4539,0.4539,4.9865
4540,0.454,5.0137
4541,0.4541,5.0026
4542,0.4542,4.9863
4543,0.4543,5.0038
4544,0.4544,4.9683
4545,0.4545,4.9943
4546,0.4546,5.0065
4547,0.4547,5.0091
4548,0.4548,4.987
4549,0.4549,5.0123
4550,0.455,5.0267
4551,0.4551,4.9922
4552,0.4552,5.0097
4553,0.4553,4.9753
4554,0.4554,4.9692
4555,0.4555,5.0078
4556,0.4556,4.9993
4557,0.4557,5.0016
4558,0.4558,4.9899
4559,0.4559,4.9942
4560,0.456,5.0108
4561,0.4561,5.0244
4562,0.4562,4.9954
4563,0.4563,4.9739
4564,0.4564,5.0178
4565,0.4565,5.0077
4566,0.4566,5.0089
4567,0.4567,5.0014
4568,0.4568,5.0335
4569,0.4569,4.9998
4570,0.457,5.0064
4571,0.4571,4.9709
4572,0.4572,4.99
4573,0.4573,4.9884
4574,0.4574,4.9983
4575,0.4575,5.0039
4576,0.4576,4.9875
4577,0.4577,5.0247
4578,0.4578,4.9827
4579,0.4579,4.9919
4580,0.458,5.0023
4581,0.4581,4.9799
4582,0.4582,5.0073
4583,0.4583,5.0082
4584,0.4584,4.9943
4585,0.4585,5.0274
4586,0.4586,4.9999
4587,0.4587,5.0029
4588,0.4588,4.9843
4589,0.4589,4.9736
4590,0.459,4.9892
4591,0.4591,4.9939
4592,0.4592,4.9919
4593,0.4593,5.0103
4594,0.4594,4.9629
4595,0.4595,4.9817
4596,0.4596,4.9713
4597,0.4597,5.0189
4598,0.4598,4.9902
4599,0.4599,4.991
4600,0.46,4.9822
4601,0.4601,5.0122
4602,0.4602,4.9926
4603,0.4603,5.0021
4604,0.4604,4.9682
4605,0.4605,5.0163
4606,0.4606,5.0047
4607,0.4607,5.007
4608,0.4608,5.0173
4609,0.4609,4.9958
4610,0.461,4.9962
4611,0.4611,5.0095
4612,0.4612,5.0052
4613,0.4613,4.9951
4614,0.4614,4.9994
4615,0.4615,4.9912
4616,0.4616,5.0095
4617,0.4617,5.0128
4618,0.4618,4.9989
4619,0.4619,5.027
4620,0.462,4.9757
4621,0.4621,4.9953
4622,0.4622,5.0245
4623,0.4623,4.9925
4624,0.4624,4.9747
4625,0.4625,5.0198
4626,0.4626,5.007
4627,0.4627,4.9808
4628,0.4628,5.0104
4629,0.4629,4.9834
4630,0.463,4.9787
4631,0.4631,4.9965
4632,0.4632,4.9916
4633,0.4633,4.9823
4634,0.4634,4.9933
4635,0.4635,4.9837
4636,0.4636,4.9997
4637,0.4637,4.9985
4638,0.4638,5.01
4639,0.4639,4.992
4640,0.464,4.9788
4641,0.4641,4.979
4642,0.4642,4.9951
4643,0.4643,5.0219
4644,0.4644,5.0116
4645,0.4645,4.9892
4646,0.4646,5.013
4647,0.4647,4.9814
4648,0.4648,5.0141
4649,0.4649,4.9931
4650,0.465,5.0104
4651,0.4651,5.0082
4652,0.4652,4.9947
4653,0.4653,5.0038
4654,0.4654,4.9828
4655,0.4655,4.9977
4656,0.4656,5.0151
4657,0.4657,5.0605
4658,0.4658,5.0094
4659,0.4659,5.0002
4660,0.466,4.9836
4661,0.4661,5.0148
4662,0.4662,4.9739
4663,0.4663,4.9868
4664,0.4664,5.0042
4665,0.4665,4.9807
4666,0.4666,5.022
4667,0.4667,5.0153
4668,0.4668,4.9903
4669,0.4669,4.9905
4670,0.467,4.979
4671,0.4671,4.9778
4672,0.4672,5.0055
4673,0.4673,5.0083
4674,0.4674,5.0042
4675,0.4675,5.0029
4676,0.4676,4.9904
4677,0.4677,5.0043
4678,0.4678,4.9767
4679,0.4679,4.999
4680,0.468,5.0211
4681,0.4681,5.0188
4682,0.4682,4.9919
4683,0.4683,4.9939
4684,0.4684,5.0196
4685,0.4685,5.0258
4686,0.4686,4.9764
4687,0.4687,4.9925
4688,0.4688,5.0024
4689,0.4689,5.0172
4690,0.469,4.9863
4691,0.4691,5.0086
4692,0.4692,4.9944
4693,0.4693,5.0347
4694,0.4694,5.0054
4695,0.4695,4.9969
4696,0.4696,4.9939
4697,0.4697,5.0148
4698,0.4698,5.0091
4699,0.4699,4.9826
4700,0.47,5.0022
4701,0.4701,4.9787
4702,0.4702,4.9875
4703,0.4703,4.9794
4704,0.4704,4.9789
4705,0.4705,4.9886
4706,0.4706,4.9842
4707,0.4707,5.0069
4708,0.4708,5.0109
4709,0.4709,4.9953
4710,0.471,4.9821
4711,0.4711,5.011
4712,0.4712,4.9684
4713,0.4713,4.9698
4714,0.4714,5.0099
4715,0.4715,5.0088
4716,0.4716,5.0136
4717,0.4717,4.9957
4718,0.4718,4.9799
4719,0.4719,4.9913
4720,0.472,5.0075
4721,0.4721,4.9874
4722,0.4722,4.9884
4723,0.4723,4.9779
4724,0.4724,4.9814
4725,0.4725,5.0116
4726,0.4726,5.0058
4727,0.4727,4.9814
4728,0.4728,4.9827
4729,0.4729,4.9905
4730,0.473,5.0072
4731,0.4731,4.9813
4732,0.4732,4.9964
4733,0.4733,4.9666
4734,0.4734,4.98
4735,0.4735,5.0053
4736,0.4736,5.0125
4737,0.4737,4.9815
4738,0.4738,4.9873
4739,0.4739,5.011
4740,0.474,4.9931
4741,0.4741,4.9908
4742,0.4742,5.0068
4743,0.4743,5.0019
4744,0.4744,5.0157
4745,0.4745,5.0109
4746,0.4746,4.9903
4747,0.4747,4.9972
4748,0.4748,4.9981
4749,0.4749,4.9785
4750,0.475,4.9843
4751,0.4751,5.0136
4752,0.4752,4.9751
4753,0.4753,5.014
4754,0.4754,5.0033
4755,0.4755,4.9969
4756,0.4756,5.0071
4757,0.4757,5.0062
4758,0.4758,5.0172
4759,0.4759,4.993
4760,0.476,4.9956
4761,0.4761,4.9953
4762,0.4762,5.0273
4763,0.4763,5.0132
4764,0.4764,4.9851
4765,0.4765,4.994
4766,0.4766,4.9884
4767,0.4767,4.9992
4768,0.4768,5.0022
4769,0.4769,5.0335
4770,0.477,4.9715
4771,0.4771,5.0145
4772,0.4772,5.0056
4773,0.4773,4.9885
4774,0.4774,4.9968
4775,0.4775,4.9916
4776,0.4776,4.9998
4777,0.4777,5.0142
4778,0.4778,4.9762
4779,0.4779,5.0188
4780,0.478,4.9934
4781,0.4781,5.0217
4782,0.4782,5.0053
4783,0.4783,5.0176
4784,0.4784,5.0076
4785,0.4785,5.0154
4786,0.4786,4.9999
4787,0.4787,4.9866
4788,0.4788,5.0092
4789,0.4789,5.0098
4790,0.479,5.0307
4791,0.4791,4.969
4792,0.4792,4.9962
4793,0.4793,5.0151
4794,0.4794,4.9803
4795,0.4795,4.9957
4796,0.4796,5.031
4797,0.4797,5.0205
4798,0.4798,4.9859
4799,0.4799,5.0206
4800,0.48,5.017
4801,0.4801,5.0109
4802,0.4802,5.0049
4803,0.4803,5.0028
4804,0.4804,4.9861
4805,0.4805,4.9914
4806,0.4806,5.0102
4807,0.4807,5.0013
4808,0.4808,5.027
4809,0.4809,4.9942
4810,0.481,4.9631
4811,0.4811,4.9942
4812,0.4812,5.0034
4813,0.4813,5.005
4814,0.4814,5.0002
4815,0.4815,4.9869
4816,0.4816,5.0217
4817,0.4817,4.9893
4818,0.4818,5.0099
4819,0.4819,4.9949
4820,0.482,4.9813
4821,0.4821,5.0205
4822,0.4822,4.9616
4823,0.4823,4.9865
4824,0.4824,5.0058
4825,0.4825,4.9939
4826,0.4826,5.0106
4827,0.4827,4.9978
4828,0.4828,4.9925
4829,0.4829,5.0318
4830,0.483,4.996
4831,0.4831,4.997
4832,0.4832,4.9831
4833,0.4833,4.9881
4834,0.4834,5.0091
4835,0.4835,5.0078
4836,0.4836,4.9994
4837,0.4837,4.9888
4838,0.4838,5.0097
4839,0.4839,4.9738
4840,0.484,4.9943
4841,0.4841,4.9956
4842,0.4842,4.9867
4843,0.4843,5.0017
4844,0.4844,4.9894
4845,0.4845,4.9874
4846,0.4846,5.0265
4847,0.4847,5.0106
4848,0.4848,5.0174
4849,0.4849,5.0002
4850,0.485,5.0139
4851,0.4851,5.0112
4852,0.4852,5.0177
4853,0.4853,5.035
4854,0.4854,4.9961
4855,0.4855,5.0034
4856,0.4856,4.9988
4857,0.4857,4.9468
4858,0.4858,4.9786
4859,0.4859,4.9998
4860,0.486,5.0091
4861,0.4861,4.9909
4862,0.4862,5.0166
4863,0.4863,5.0189
4864,0.4864,4.9934
4865,0.4865,5.021
4866,0.4866,5.0259
4867,0.4867,5.0066
4868,0.4868,4.9849
4869,0.4869,5.0217
4870,0.487,4.9972
4871,0.4871,4.994
4872,0.4872,5.0014
4873,0.4873,4.9916
4874,0.4874,5.0158
4875,0.4875,5.0113
4876,0.4876,5.018
4877,0.4877,5.0084
4878,0.4878,4.9878
4879,0.4879,4.9973
4880,0.488,5.0128
4881,0.4881,4.9936
4882,0.4882,5.0435
4883,0.4883,4.9961
4884,0.4884,4.9909
4885,0.4885,5.0169
4886,0.4886,5.0109
4887,0.4887,4.9993
4888,0.4888,4.9963
4889,0.4889,5.0061
4890,0.489,5.0123
4891,0.4891,5.0112
4892,0.4892,4.9952
4893,0.4893,5.0062
4894,0.4894,5.0124
4895,0.4895,5.0112
4896,0.4896,4.9534
4897,0.4897,4.9864
4898,0.4898,4.9881
4899,0.4899,4.9963
4900,0.49,5.0024
4901,0.4901,5.0135
4902,0.4902,5.009
4903,0.4903,4.9978
4904,0.4904,5.0001
4905,0.4905,5.0261
4906,0.4906,4.9905
4907,0.4907,5.0043
4908,0.4908,5.0232
4909,0.4909,5.0049
4910,0.491,4.9691
4911,0.4911,5.0054
4912,0.4912,4.9939
4913,0.4913,4.998
4914,0.4914,5.0155
4915,0.4915,5.0068
4916,0.4916,4.9958
4917,0.4917,5.0131
4918,0.4918,5.0063
4919,0.4919,5.0013
4920,0.492,5.0042
4921,0.4921,5.0035
4922,0.4922,4.9946
4923,0.4923,4.9928
4924,0.4924,5.0001
4925,0.4925,4.9854
4926,0.4926,4.9809
4927,0.4927,5.0193
4928,0.4928,4.9961
4929,0.4929,4.9994
4930,0.493,4.9977
4931,0.4931,5.0001
4932,0.4932,5.0001
4933,0.4933,5.0007
4934,0.4934,4.9877
4935,0.4935,5.0137
4936,0.4936,4.9894
4937,0.4937,5.0153
4938,0.4938,4.971
4939,0.4939,4.9838
4940,0.494,5.0146
4941,0.4941,4.9975
4942,0.4942,4.9897
4943,0.4943,5.0054
4944,0.4944,4.9841
4945,0.4945,5.0009
4946,0.4946,4.9665
4947,0.4947,4.993
4948,0.4948,4.99
4949,0.4949,5.0078
4950,0.495,5.0129
4951,0.4951,4.9869
4952,0.4952,5.0239
4953,0.4953,4.9909
4954,0.4954,4.9689
4955,0.4955,4.9641
4956,0.4956,5.0228
4957,0.4957,4.9984
4958,0.4958,4.99
4959,0.4959,4.9885
4960,0.496,4.9834
4961,0.4961,5.02
4962,0.4962,4.9985
4963,0.4963,5.0266
4964,0.4964,4.9968
4965,0.4965,4.9645
4966,0.4966,5.0124
4967,0.4967,4.9942
4968,0.4968,4.9962
4969,0.4969,5.0233
4970,0.497,4.9958
4971,0.4971,5.0172
4972,0.4972,4.9997
4973,0.4973,4.9885
4974,0.4974,5.0074
4975,0.4975,4.9908
4976,0.4976,5.0182
4977,0.4977,5.0142
4978,0.4978,5.0007
4979,0.4979,5.0089
4980,0.498,5.0082
4981,0.4981,4.9956
4982,0.4982,5.0132
4983,0.4983,4.9964
4984,0.4984,5.009
4985,0.4985,4.9855
4986,0.4986,5.0013
4987,0.4987,5.006
4988,0.4988,4.9879
4989,0.4989,4.9936
4990,0.499,4.9918
4991,0.4991,5.0107
4992,0.4992,4.989
4993,0.4993,5.0064
4994,0.4994,5.0227
4995,0.4995,5.0052
4996,0.4996,4.9757
4997,0.4997,5.0017
4998,0.4998,5.0155
4999,0.4999,4.9956
5000,0.5,5.0165
5001,0.5001,5.0091
5002,0.5002,5.0062
5003,0.5003,4.996
5004,0.5004,4.9922
5005,0.5005,4.9961
5006,0.5006,5.0008
5007,0.5007,5.0078
5008,0.5008,5.0062
5009,0.5009,4.9954
5010,0.501,5.0009
5011,0.5011,5.0057
5012,0.5012,4.9756
5013,0.5013,4.9884
5014,0.5014,4.988
5015,0.5015,4.9969
5016,0.5016,4.9958
5017,0.5017,4.9961
5018,0.5018,4.9869
5019,0.5019,5.0101
5020,0.502,5.0042
5021,0.5021,4.9753
5022,0.5022,5.0002
5023,0.5023,4.9831
5024,0.5024,5.0255
5025,0.5025,4.9932
5026,0.5026,4.9941
5027,0.5027,5.0013
5028,0.5028,4.997
5029,0.5029,4.9991
5030,0.503,5.0232
5031,0.5031,5.0034
5032,0.5032,5.0126
5033,0.5033,5.0169
5034,0.5034,4.9854
5035,0.5035,5.0254
5036,0.5036,5.0104
5037,0.5037,5.0144
5038,0.5038,4.9871
5039,0.5039,5.0123
5040,0.504,5.0063
5041,0.5041,4.992
5042,0.5042,5.0343
5043,0.5043,5.0086
5044,0.5044,4.9965
5045,0.5045,5.003
5046,0.5046,5.0137
5047,0.5047,5.017
5048,0.5048,5.0088
5049,0.5049,5.0183
5050,0.505,5.0221
5051,0.5051,4.9816
5052,0.5052,4.9928
5053,0.5053,4.986
5054,0.5054,5.0015
5055,0.5055,5.0217
5056,0.5056,5.0099
5057,0.5057,4.9844
5058,0.5058,4.9957
5059,0.5059,5.0155
5060,0.506,4.9921
5061,0.5061,4.9986
5062,0.5062,5.0047
5063,0.5063,4.9728
5064,0.5064,5.0118
5065,0.5065,5.0052
5066,0.5066,5.0086
5067,0.5067,4.9854
5068,0.5068,4.9886
5069,0.5069,4.9911
5070,0.507,5.0039
5071,0.5071,5.0012
5072,0.5072,5.002
5073,0.5073,5.027
5074,0.5074,5.0197
5075,0.5075,4.9893
5076,0.5076,4.9903
5077,0.5077,5.0258
5078,0.5078,4.9954
5079,0.5079,5.0208
5080,0.508,5.0241
5081,0.5081,4.992
5082,0.5082,4.9961
5083,0.5083,5.0014
5084,0.5084,4.9872
5085,0.5085,4.9854
5086,0.5086,4.9941
5087,0.5087,5.0129
5088,0.5088,4.9934
5089,0.5089,4.997
5090,0.509,4.9931
5091,0.5091,4.9796
5092,0.5092,5.0224
5093,0.5093,4.965
5094,0.5094,4.9903
5095,0.5095,5.0085
5096,0.5096,4.9792
5097,0.5097,5.0092
5098,0.5098,5.0189
5099,0.5099,4.9872
5100,0.51,5.0032
5101,0.5101,4.9835
5102,0.5102,5.0077
5103,0.5103,5.0014
5104,0.5104,5.0033
5105,0.5105,5.0206
5106,0.5106,5.0072
5107,0.5107,5.0203
5108,0.5108,5.0096
5109,0.5109,4.9821
5110,0.511,5.004
5111,0.5111,5.0075
5112,0.5112,4.9784
5113,0.5113,5.0201
5114,0.5114,5.0011
5115,0.5115,5.0056
5116,0.5116,4.9867
5117,0.5117,5.0012
5118,0.5118,5.0046
5119,0.5119,4.9952
5120,0.512,5.0013
5121,0.5121,4.9683
5122,0.5122,5.0205
5123,0.5123,4.9834
5124,0.5124,4.9674
5125,0.5125,4.9857
5126,0.5126,4.9876
5127,0.5127,5.0083
5128,0.5128,4.9864
5129,0.5129,5.0044
5130,0.513,4.9857
5131,0.5131,5.0332
5132,0.5132,5.0083
5133,0.5133,5.0294
5134,0.5134,4.9849
5135,0.5135,5.0101
5136,0.5136,4.9858
5137,0.5137,5.0088
5138,0.5138,5.0103
5139,0.5139,4.9762
5140,0.514,4.983
5141,0.5141,4.9826
5142,0.5142,4.9775
5143,0.5143,4.9891
5144,0.5144,4.9857
5145,0.5145,4.9784
5146,0.5146,5.0015
5147,0.5147,5.0082
5148,0.5148,4.9803
5149,0.5149,4.9917
5150,0.515,5.0002
5151,0.5151,4.9966
5152,0.5152,4.9895
5153,0.5153,5.0122
5154,0.5154,5.0127
5155,0.5155,5.0102
5156,0.5156,4.9969
5157,0.5157,5.0298
5158,0.5158,5.0261
5159,0.5159,4.994
5160,0.516,4.9982
5161,0.5161,5.0178
5162,0.5162,4.988
5163,0.5163,5.006
5164,0.5164,5.0007
5165,0.5165,4.9894
5166,0.5166,4.9965
5167,0.5167,4.9764
5168,0.5168,4.9918
5169,0.5169,4.9701
5170,0.517,5.0342
5171,0.5171,5.0226
5172,0.5172,5.0184
5173,0.5173,5.0045
5174,0.5174,5.015
5175,0.5175,5.0191
5176,0.5176,5.0152
5177,0.5177,5.0137
5178,0.5178,4.9863
5179,0.5179,5.0064
5180,0.518,4.9919
5181,0.5181,4.9822
5182,0.5182,4.9828
5183,0.5183,5.0063
5184,0.5184,5.0157
5185,0.5185,4.9794
5186,0.5186,5.0261
5187,0.5187,5.022
5188,0.5188,4.9942
5189,0.5189,4.993
5190,0.519,4.9988
5191,0.5191,5.0146
5192,0.5192,4.9942
5193,0.5193,4.9833
5194,0.5194,5.005
5195,0.5195,4.9689
5196,0.5196,5.002
5197,0.5197,5.0173
5198,0.5198,5.0045
5199,0.5199,5.0116
5200,0.52,5.0073
5201,0.5201,5.0108
5202,0.5202,5.002
5203,0.5203,4.9874
5204,0.5204,4.9965
5205,0.5205,4.9988
5206,0.5206,5.0187
5207,0.5207,5.0242
5208,0.5208,5.0062
5209,0.5209,4.9886
5210,0.521,4.9889
5211,0.5211,4.997
5212,0.5212,5.0207
5213,0.5213,5.0049
5214,0.5214,4.999
5215,0.5215,4.9884
5216,0.5216,5.0131
5217,0.5217,5.0042
5218,0.5218,4.9991
5219,0.5219,5.0014
5220,0.522,5.0252
5221,0.5221,4.9974
5222,0.5222,5.0252
5223,0.5223,5.0185
5224,0.5224,5.0006
5225,0.5225,5.0131
5226,0.5226,4.998
5227,0.5227,4.9874
5228,0.5228,4.9958
5229,0.5229,4.9862
5230,0.523,5.0075
5231,0.5231,5.0001
5232,0.5232,5.0084
5233,0.5233,5.0123
5234,0.5234,4.9531
5235,0.5235,5.0045
5236,0.5236,4.9728
5237,0.5237,5.0024
5238,0.5238,4.9867
5239,0.5239,5.0014
5240,0.524,5.0203
5241,0.5241,4.9742
5242,0.5242,5.0027
5243,0.5243,4.9987
5244,0.5244,4.9715
5245,0.5245,5.0096
5246,0.5246,5.0004
5247,0.5247,4.9922
5248,0.5248,4.989
5249,0.5249,5.0481
5250,0.525,4.994
5251,0.5251,4.9729
5252,0.5252,4.9859
5253,0.5253,4.9944
5254,0.5254,4.9941
5255,0.5255,4.9987
5256,0.5256,4.9842
5257,0.5257,5.008
5258,0.5258,4.9926
5259,0.5259,4.9795
5260,0.526,4.9876
5261,0.5261,4.9941
5262,0.5262,5.0126
5263,0.5263,5.0071
5264,0.5264,4.9948
5265,0.5265,5.0002
5266,0.5266,5.0031
5267,0.5267,5.0304
5268,0.5268,4.9906
5269,0.5269,5.0069
5270,0.527,5.0108
5271,0.5271,4.9856
5272,0.5272,5.0027
5273,0.5273,5.0023
5274,0.5274,4.9928
5275,0.5275,5.0084
5276,0.5276,5.0153
5277,0.5277,5.0168
5278,0.5278,4.997
5279,0.5279,5.0027
5280,0.528,5.0351
5281,0.5281,4.9833
5282,0.5282,5.0032
5283,0.5283,5.0132
5284,0.5284,5.0021
5285,0.5285,5.0097
5286,0.5286,5.0025
5287,0.5287,5.0112
5288,0.5288,5.0191
5289,0.5289,4.9966
5290,0.529,5.0028
5291,0.5291,4.999
5292,0.5292,4.9938
5293,0.5293,4.9996
5294,0.5294,4.9829
5295,0.5295,5.011
5296,0.5296,5.0254
5297,0.5297,5.0254
5298,0.5298,5.019
5299,0.5299,4.9854
5300,0.53,5.0227
5301,0.5301,4.9891
5302,0.5302,4.9991
5303,0.5303,5.0276
5304,0.5304,4.9838
5305,0.5305,5.0125
5306,0.5306,5.0041
5307,0.5307,4.9976
5308,0.5308,4.9867
5309,0.5309,5.0062
5310,0.531,4.9929
5311,0.5311,5.0156
5312,0.5312,5.0182
5313,0.5313,4.9792
5314,0.5314,4.9923
5315,0.5315,4.9951
5316,0.5316,4.9822
5317,0.5317,4.9831
5318,0.5318,5.0012
5319,0.5319,4.9968
5320,0.532,4.9751
5321,0.5321,4.9918
5322,0.5322,5.0077
5323,0.5323,4.9818
5324,0.5324,4.986
5325,0.5325,5.0237
5326,0.5326,5.0196
5327,0.5327,4.9756
5328,0.5328,4.9796
5329,0.5329,5.0055
5330,0.533,4.982
5331,0.5331,4.9961
5332,0.5332,4.9931
5333,0.5333,5.0083
5334,0.5334,4.962
5335,0.5335,4.9668
5336,0.5336,4.9815
5337,0.5337,5.0151
5338,0.5338,4.9976
5339,0.5339,4.9743
5340,0.534,5.0073
5341,0.5341,5.0105
5342,0.5342,4.9962
5343,0.5343,4.9949
5344,0.5344,5.0065
5345,0.5345,5.018
5346,0.5346,5.0022
5347,0.5347,5.0079
5348,0.5348,4.9992
5349,0.5349,4.9942
5350,0.535,4.9861
5351,0.5351,5.0037
5352,0.5352,4.9954
5353,0.5353,4.9962
5354,0.5354,5.0138
5355,0.5355,5.0072
5356,0.5356,5.0129
5357,0.5357,4.9763
5358,0.5358,5.0083
5359,0.5359,4.991
5360,0.536,4.9878
5361,0.5361,4.9871
5362,0.5362,5.0181
5363,0.5363,5.0123
5364,0.5364,4.9891
5365,0.5365,4.9828
5366,0.5366,5.0001
5367,0.5367,4.993
5368,0.5368,5.0248
5369,0.5369,4.978
5370,0.537,4.9724
5371,0.5371,4.9961
5372,0.5372,5.0001
5373,0.5373,5.0019
5374,0.5374,5.0112
5375,0.5375,5.031
5376,0.5376,4.9948
5377,0.5377,4.9917
5378,0.5378,4.9735
5379,0.5379,5.0035
5380,0.538,5.0127
5381,0.5381,4.996
5382,0.5382,5.0176
5383,0.5383,5.0003
5384,0.5384,5.0226
5385,0.5385,5.0049
5386,0.5386,4.984
5387,0.5387,4.9903
5388,0.5388,4.9769
5389,0.5389,4.9738
5390,0.539,5.0039
5391,0.5391,5.0129
5392,0.5392,5.0292
5393,0.5393,4.9991
5394,0.5394,4.9963
5395,0.5395,4.9833
5396,0.5396,5.0147
5397,0.5397,5.0057
5398,0.5398,4.991
5399,0.5399,5.0102
5400,0.54,5.0083
5401,0.5401,4.9718
5402,0.5402,5.011
5403,0.5403,5.0019
5404,0.5404,4.994
5405,0.5405,4.9936
5406,0.5406,5.0261
5407,0.5407,5.0229
5408,0.5408,5.0273
5409,0.5409,4.9827
5410,0.541,4.9901
5411,0.5411,5.0135
5412,0.5412,4.9818
5413,0.5413,4.9891
5414,0.5414,4.9728
5415,0.5415,5.0277
5416,0.5416,5.0158
5417,0.5417,5.0068
5418,0.5418,5.0032
5419,0.5419,4.9936
5420,0.542,4.9939
5421,0.5421,5.0091
5422,0.5422,4.9892
5423,0.5423,5.0183
5424,0.5424,4.9925
5425,0.5425,4.9868
5426,0.5426,5.0194
5427,0.5427,4.9977
5428,0.5428,5.0082
5429,0.5429,4.9937
5430,0.543,4.9662
5431,0.5431,5.0081
5432,0.5432,4.9797
5433,0.5433,5.0161
5434,0.5434,4.9766
5435,0.5435,4.9719
5436,0.5436,5.0045
5437,0.5437,5.0063
5438,0.5438,5.0015
5439,0.5439,4.9817
5440,0.544,5.0132
5441,0.5441,4.9779
5442,0.5442,4.9929
5443,0.5443,4.9881
5444,0.5444,4.9942
5445,0.5445,5.0127
5446,0.5446,4.9904
5447,0.5447,5.0084
5448,0.5448,5.0103
5449,0.5449,4.9742
5450,0.545,4.9824
5451,0.5451,4.9942
5452,0.5452,4.991
5453,0.5453,5.0045
5454,0.5454,4.9709
5455,0.5455,5.0107
5456,0.5456,5.0111
5457,0.5457,4.9974
5458,0.5458,4.9792
5459,0.5459,5.0
5460,0.546,4.9918
5461,0.5461,5.0084
5462,0.5462,4.9986
5463,0.5463,5.0108
5464,0.5464,4.9934
5465,0.5465,5.0215
5466,0.5466,4.9653
5467,0.5467,4.9847
5468,0.5468,5.0073
5469,0.5469,4.9772
5470,0.547,5.011
5471,0.5471,4.9817
5472,0.5472,5.0013
5473,0.5473,4.9862
5474,0.5474,4.9933
5475,0.5475,5.0025
5476,0.5476,4.9983
5477,0.5477,4.9942
5478,0.5478,5.0322
5479,0.5479,5.0
5480,0.548,4.9854
5481,0.5481,5.0138
5482,0.5482,5.0122
5483,0.5483,5.0183
5484,0.5484,5.0267
5485,0.5485,4.9858
5486,0.5486,5.0158
5487,0.5487,5.017
5488,0.5488,4.9999
5489,0.5489,5.0036
5490,0.549,4.9549
5491,0.5491,4.9913
5492,0.5492,5.0267
5493,0.5493,4.9731
5494,0.5494,4.9919
5495,0.5495,5.0042
5496,0.5496,5.0085
5497,0.5497,5.0244
5498,0.5498,4.9735
5499,0.5499,5.0006
5500,0.55,5.0128
5501,0.5501,4.9802
5502,0.5502,4.9993
5503,0.5503,5.0282
5504,0.5504,5.0197
5505,0.5505,5.008
5506,0.5506,4.9607
5507,0.5507,4.998
5508,0.5508,5.0057
5509,0.5509,4.9953
5510,0.551,4.9989
5511,0.5511,5.0462
5512,0.5512,4.9967
5513,0.5513,4.9854
5514,0.5514,5.0036
5515,0.5515,4.9952
5516,0.5516,4.9953
5517,0.5517,4.9986
5518,0.5518,5.0115
5519,0.5519,5.0035
5520,0.552,4.9819
5521,0.5521,4.9979
5522,0.5522,5.007
5523,0.5523,4.9929
5524,0.5524,5.0172
5525,0.5525,5.0116
5526,0.5526,4.9851
5527,0.5527,5.0047
5528,0.5528,5.0297
5529,0.5529,5.0233
5530,0.553,4.9991
5531,0.5531,5.0134
5532,0.5532,4.9898
5533,0.5533,4.9782
5534,0.5534,5.0082
5535,0.5535,5.0036
5536,0.5536,5.0076
5537,0.5537,4.9996
5538,0.5538,5.0048
5539,0.5539,4.9922
5540,0.554,5.007
5541,0.5541,5.0124
5542,0.5542,4.999
5543,0.5543,5.0121
5544,0.5544,4.9734
5545,0.5545,4.9881
5546,0.5546,5.0216
5547,0.5547,5.0263
5548,0.5548,5.0037
5549,0.5549,4.9984
5550,0.555,4.9809
5551,0.5551,5.0054
5552,0.5552,5.0116
5553,0.5553,4.9777
5554,0.5554,5.0083
5555,0.5555,5.0073
5556,0.5556,5.0065
5557,0.5557,4.983
5558,0.5558,5.0081
5559,0.5559,4.9775
5560,0.556,5.0223
5561,0.5561,5.002
5562,0.5562,4.9825
5563,0.5563,5.0201
5564,0.5564,5.0172
5565,0.5565,4.9902
5566,0.5566,5.033
5567,0.5567,4.9849
5568,0.5568,5.0046
5569,0.5569,5.0177
5570,0.557,4.9659
5571,0.5571,5.0149
5572,0.5572,4.999
5573,0.5573,4.9997
5574,0.5574,4.9838
5575,0.5575,5.0049
5576,0.5576,4.9833
5577,0.5577,4.9854
5578,0.5578,4.9932
5579,0.5579,4.9815
5580,0.558,5.0235
5581,0.5581,4.98
5582,0.5582,4.9886
5583,0.5583,4.9952
5584,0.5584,5.0
5585,0.5585,5.0118
5586,0.5586,5.0122
5587,0.5587,4.9954
5588,0.5588,4.9942
5589,0.5589,5.0005
5590,0.559,5.0123
5591,0.5591,5.0104
5592,0.5592,4.9922
5593,0.5593,4.969
5594,0.5594,5.0321
5595,0.5595,5.0142
5596,0.5596,5.0039
5597,0.5597,5.005
5598,0.5598,4.9921
5599,0.5599,4.9849
5600,0.56,4.9949
5601,0.5601,4.9966
5602,0.5602,4.9906
5603,0.5603,4.9781
5604,0.5604,4.9952
5605,0.5605,5.0086
5606,0.5606,4.9925
5607,0.5607,5.0003
5608,0.5608,4.9689
5609,0.5609,4.9968
5610,0.561,4.9981
5611,0.5611,4.9815
5612,0.5612,4.974
5613,0.5613,5.0061
5614,0.5614,4.9878
5615,0.5615,5.0073
5616,0.5616,4.9936
5617,0.5617,5.0093
5618,0.5618,4.9949
5619,0.5619,4.9773
5620,0.562,4.9986
5621,0.5621,4.995
5622,0.5622,5.0098
5623,0.5623,4.9932
5624,0.5624,4.994
5625,0.5625,5.0128
5626,0.5626,5.0174
5627,0.5627,5.0113
5628,0.5628,5.0155
5629,0.5629,5.0067
5630,0.563,5.0115
5631,0.5631,5.0131
5632,0.5632,5.006
5633,0.5633,5.0009
5634,0.5634,5.0021
5635,0.5635,5.036
5636,0.5636,5.0001
5637,0.5637,4.9964
5638,0.5638,4.9945
5639,0.5639,4.9994
5640,0.564,5.0036
5641,0.5641,4.983
5642,0.5642,4.9702
5643,0.5643,5.0044
5644,0.5644,4.9758
5645,0.5645,5.0038
5646,0.5646,5.002
5647,0.5647,5.0172
5648,0.5648,5.025
5649,0.5649,5.0055
5650,0.565,4.9916
5651,0.5651,4.9823
5652,0.5652,4.9881
5653,0.5653,5.0005
5654,0.5654,4.9689
5655,0.5655,5.0011
5656,0.5656,4.9998
5657,0.5657,5.0096
5658,0.5658,4.9949
5659,0.5659,5.0015
5660,0.566,4.9889
5661,0.5661,4.993
5662,0.5662,4.9733
5663,0.5663,5.0018
5664,0.5664,5.0232
5665,0.5665,5.0024
5666,0.5666,5.0054
5667,0.5667,4.9852
5668,0.5668,5.0214
5669,0.5669,4.9884
5670,0.567,5.012
5671,0.5671,5.0016
5672,0.5672,4.9856
5673,0.5673,5.0153
5674,0.5674,5.0002
5675,0.5675,5.0026
5676,0.5676,5.0067
5677,0.5677,4.9996
5678,0.5678,4.9943
5679,0.5679,5.0069
5680,0.568,4.9939
5681,0.5681,5.0009
5682,0.5682,4.9899
5683,0.5683,4.9776
5684,0.5684,4.9898
5685,0.5685,4.9925
5686,0.5686,5.0002
5687,0.5687,5.0177
5688,0.5688,4.9746
5689,0.5689,5.0019
5690,0.569,4.9668
5691,0.5691,4.9843
5692,0.5692,4.9923
5693,0.5693,4.9661
5694,0.5694,4.9721
5695,0.5695,5.0023
5696,0.5696,5.0011
5697,0.5697,4.9982
5698,0.5698,4.9879
5699,0.5699,5.0323
5700,0.57,4.9975
5701,0.5701,4.987
5702,0.5702,5.0251
5703,0.5703,5.0092
5704,0.5704,4.9944
5705,0.5705,5.0178
5706,0.5706,5.0023
5707,0.5707,5.0096
5708,0.5708,5.0035
5709,0.5709,4.9845
5710,0.571,5.0145
5711,0.5711,5.0024
5712,0.5712,4.9848
5713,0.5713,4.9885
5714,0.5714,5.0143
5715,0.5715,4.9944
5716,0.5716,5.0006
5717,0.5717,5.0098
5718,0.5718,5.0019
5719,0.5719,4.977
5720,0.572,5.0095
5721,0.5721,5.014
5722,0.5722,5.0129
5723,0.5723,5.0242
5724,0.5724,5.0054
5725,0.5725,5.0116
5726,0.5726,5.0238
5727,0.5727,4.9956
5728,0.5728,5.026
5729,0.5729,5.026
5730,0.573,5.0117
5731,0.5731,5.0275
5732,0.5732,5.0127
5733,0.5733,4.9867
5734,0.5734,5.017
5735,0.5735,5.0048
5736,0.5736,5.0062
5737,0.5737,5.0023
5738,0.5738,5.0203
5739,0.5739,5.0082
5740,0.574,4.9895
5741,0.5741,5.0072
5742,0.5742,5.0109
5743,0.5743,4.9891
5744,0.5744,4.9934
5745,0.5745,4.9942
5746,0.5746,4.9908
5747,0.5747,5.0052
5748,0.5748,5.0152
5749,0.5749,5.0283
5750,0.575,5.0179
5751,0.5751,5.0153
5752,0.5752,5.0171
5753,0.5753,5.02
5754,0.5754,4.9943
5755,0.5755,5.0104
5756,0.5756,5.0048
5757,0.5757,4.998
5758,0.5758,4.9931
5759,0.5759,4.9924
5760,0.576,4.9959
5761,0.5761,4.9814
5762,0.5762,5.0078
5763,0.5763,4.9996
5764,0.5764,5.0015
5765,0.5765,5.005
5766,0.5766,5.0108
5767,0.5767,4.9911
5768,0.5768,4.9984
5769,0.5769,4.9758
5770,0.577,4.9667
5771,0.5771,4.9708
5772,0.5772,5.023
5773,0.5773,4.9726
5774,0.5774,5.007
5775,0.5775,5.0221
5776,0.5776,4.9931
5777,0.5777,5.0244
5778,0.5778,5.0277
5779,0.5779,5.0141
5780,0.578,5.0355
5781,0.5781,5.0093
5782,0.5782,4.989
5783,0.5783,5.0078
5784,0.5784,4.9933
5785,0.5785,4.9805
5786,0.5786,4.9809
5787,0.5787,5.0347
5788,0.5788,4.9919
5789,0.5789,4.9997
5790,0.579,4.9901
5791,0.5791,5.0021
5792,0.5792,4.9965
5793,0.5793,4.9939
5794,0.5794,4.9819
5795,0.5795,4.9789
5796,0.5796,4.989
5797,0.5797,5.0045
5798,0.5798,5.0313
5799,0.5799,5.0159
5800,0.58,5.0275
5801,0.5801,5.0074
5802,0.5802,4.9989
5803,0.5803,4.9803
5804,0.5804,5.0002
5805,0.5805,4.968
5806,0.5806,4.9957
5807,0.5807,5.0246
5808,0.5808,5.0052
5809,0.5809,5.0172
5810,0.581,4.9945
5811,0.5811,4.9796
5812,0.5812,4.9931
5813,0.5813,4.9943
5814,0.5814,5.0184
5815,0.5815,5.0299
5816,0.5816,4.9892
5817,0.5817,4.9949
5818,0.5818,4.9981
5819,0.5819,4.9951
5820,0.582,4.9816
5821,0.5821,5.0017
5822,0.5822,5.0057
5823,0.5823,5.0061
5824,0.5824,4.9822
5825,0.5825,4.9986
5826,0.5826,4.9742
5827,0.5827,5.014
5828,0.5828,4.9851
5829,0.5829,4.9962
5830,0.583,4.9936
5831,0.5831,4.9916
5832,0.5832,4.9845
5833,0.5833,4.9739
5834,0.5834,5.0264
5835,0.5835,5.0042
5836,0.5836,5.0044
5837,0.5837,5.0319
5838,0.5838,4.9989
5839,0.5839,5.0087
5840,0.584,5.0007
5841,0.5841,5.0182
5842,0.5842,5.0079
5843,0.5843,5.0051
5844,0.5844,4.9966
5845,0.5845,5.0046
5846,0.5846,5.0179
5847,0.5847,4.9693
5848,0.5848,4.9985
5849,0.5849,4.9942
5850,0.585,4.9959
5851,0.5851,4.9708
5852,0.5852,5.0114
5853,0.5853,4.9878
5854,0.5854,4.997
5855,0.5855,4.9929
5856,0.5856,4.9754
5857,0.5857,4.9938
5858,0.5858,4.9728
5859,0.5859,4.9863
5860,0.586,4.9957
5861,0.5861,5.0004
5862,0.5862,5.0013
5863,0.5863,4.9984
5864,0.5864,5.0325
5865,0.5865,5.007
5866,0.5866,4.9821
5867,0.5867,4.9913
5868,0.5868,4.9906
5869,0.5869,4.9978
5870,0.587,4.9914
5871,0.5871,4.9876
5872,0.5872,5.0252
5873,0.5873,5.0011
5874,0.5874,4.9954
5875,0.5875,4.9967
5876,0.5876,4.9972
5877,0.5877,5.0214
5878,0.5878,5.0076
5879,0.5879,5.0173
5880,0.588,4.9537
5881,0.5881,5.0054
5882,0.5882,5.0164
5883,0.5883,5.0301
5884,0.5884,5.0009
5885,0.5885,4.9747
5886,0.5886,5.0093
5887,0.5887,4.9915
5888,0.5888,4.9736
5889,0.5889,4.9912
5890,0.589,5.0163
5891,0.5891,5.0185
5892,0.5892,5.0113
5893,0.5893,4.9848
5894,0.5894,5.0383
5895,0.5895,4.983
5896,0.5896,4.9993
5897,0.5897,4.9788
5898,0.5898,5.0203
5899,0.5899,5.0072
5900,0.59,5.0138
5901,0.5901,5.0019
5902,0.5902,4.9995
5903,0.5903,5.0032
5904,0.5904,4.9722
5905,0.5905,5.0155
5906,0.5906,5.0142
5907,0.5907,4.9947
5908,0.5908,5.0004
5909,0.5909,5.0051
5910,0.591,5.0241
5911,0.5911,5.0071
5912,0.5912,5.0012
5913,0.5913,4.9929
5914,0.5914,4.978
5915,0.5915,4.9916
5916,0.5916,5.0017
5917,0.5917,4.9968
5918,0.5918,5.0017
5919,0.5919,5.0118
5920,0.592,5.0072
5921,0.5921,5.0048
5922,0.5922,5.0105
5923,0.5923,5.0034
5924,0.5924,5.0002
5925,0.5925,5.0077
5926,0.5926,4.9747
5927,0.5927,5.0194
5928,0.5928,4.9813
5929,0.5929,5.0132
5930,0.593,5.0009
5931,0.5931,5.0173
5932,0.5932,5.0012
5933,0.5933,4.9865
5934,0.5934,5.0168
5935,0.5935,5.0035
5936,0.5936,5.0025
5937,0.5937,5.0019
5938,0.5938,5.0157
5939,0.5939,5.013
5940,0.594,5.0042
5941,0.5941,4.9775
5942,0.5942,4.9947
5943,0.5943,5.0023
5944,0.5944,5.0277
5945,0.5945,5.0065
5946,0.5946,4.9994
5947,0.5947,5.0187
5948,0.5948,4.9991
5949,0.5949,5.0003
5950,0.595,5.0031
5951,0.5951,4.9783
5952,0.5952,5.0151
5953,0.5953,5.0072
5954,0.5954,4.9965
5955,0.5955,4.9836
5956,0.5956,5.004
5957,0.5957,5.0218
5958,0.5958,4.9912
5959,0.5959,4.9849
5960,0.596,5.0071
5961,0.5961,4.9768
5962,0.5962,4.9675
5963,0.5963,4.9941
5964,0.5964,4.9905
5965,0.5965,4.9967
5966,0.5966,4.9925
5967,0.5967,5.0058
5968,0.5968,4.9975
5969,0.5969,4.9918
5970,0.597,4.994
5971,0.5971,5.0103
5972,0.5972,5.0152
5973,0.5973,5.0144
5974,0.5974,5.0113
5975,0.5975,4.9514
5976,0.5976,4.9858
5977,0.5977,4.9961
5978,0.5978,5.0039
5979,0.5979,4.9766
5980,0.598,5.0222
5981,0.5981,5.0054
5982,0.5982,4.9915
5983,0.5983,5.0033
5984,0.5984,4.9957
5985,0.5985,4.9895
5986,0.5986,5.0085
5987,0.5987,4.9941
5988,0.5988,4.9797
5989,0.5989,4.9913
5990,0.599,4.9992
5991,0.5991,4.9847
5992,0.5992,5.0198
5993,0.5993,4.9845
5994,0.5994,5.0272
5995,0.5995,5.0143
5996,0.5996,4.9868
5997,0.5997,5.0029
5998,0.5998,5.0186
5999,0.5999,4.998
6000,0.6,4.983
6001,0.6001,5.0026
6002,0.6002,5.0308
6003,0.6003,4.9786
6004,0.6004,5.0093
6005,0.6005,5.0011
6006,0.6006,4.9992
6007,0.6007,4.9951
6008,0.6008,4.9962
6009,0.6009,5.0165
6010,0.601,5.0099
6011,0.6011,4.986
6012,0.6012,5.0244
6013,0.6013,4.9815
6014,0.6014,5.0109
6015,0.6015,5.0038
6016,0.6016,5.019
6017,0.6017,5.0063
6018,0.6018,5.0169
6019,0.6019,5.0007
6020,0.602,5.0156
6021,0.6021,5.0062
6022,0.6022,5.0333
6023,0.6023,4.9906
6024,0.6024,5.019
6025,0.6025,5.008
6026,0.6026,5.0037
6027,0.6027,4.9926
6028,0.6028,5.0078
6029,0.6029,4.979
6030,0.603,4.9805
6031,0.6031,5.0117
6032,0.6032,4.9777
6033,0.6033,5.0226
6034,0.6034,4.997
6035,0.6035,5.0048
6036,0.6036,5.0022
6037,0.6037,5.0074
6038,0.6038,4.9969
6039,0.6039,4.9956
6040,0.604,4.9992
6041,0.6041,5.0168
6042,0.6042,5.0181
6043,0.6043,5.0202
6044,0.6044,5.0066
6045,0.6045,4.9981
6046,0.6046,4.9759
6047,0.6047,5.0108
6048,0.6048,5.0137
6049,0.6049,4.9951
6050,0.605,5.0132
6051,0.6051,5.0204
6052,0.6052,5.0025
6053,0.6053,5.017
6054,0.6054,5.0057
6055,0.6055,4.9751
6056,0.6056,4.994
6057,0.6057,4.995
6058,0.6058,5.0091
6059,0.6059,4.9882
6060,0.606,4.9945
6061,0.6061,4.9867
6062,0.6062,5.0005
6063,0.6063,5.0022
6064,0.6064,5.0157
6065,0.6065,5.0131
6066,0.6066,5.0036
6067,0.6067,5.0047
6068,0.6068,5.0028
6069,0.6069,5.0028
6070,0.607,5.0243
6071,0.6071,4.9638
6072,0.6072,4.9985
6073,0.6073,5.0058
6074,0.6074,5.0181
6075,0.6075,4.9847
6076,0.6076,5.0063
6077,0.6077,5.0141
6078,0.6078,4.9944
6079,0.6079,4.9725
6080,0.608,4.9957
6081,0.6081,4.9831
6082,0.6082,5.0109
6083,0.6083,4.9884
6084,0.6084,5.0278
6085,0.6085,5.0033
6086,0.6086,4.9891
6087,0.6087,4.9936
6088,0.6088,4.9847
6089,0.6089,5.007
6090,0.609,5.0235
6091,0.6091,4.9979
6092,0.6092,5.015
6093,0.6093,4.987
6094,0.6094,5.0058
6095,0.6095,5.0357
6096,0.6096,4.98
6097,0.6097,5.0196
6098,0.6098,5.0187
6099,0.6099,4.9729
6100,0.61,4.9796
6101,0.6101,4.9865
6102,0.6102,5.0157
6103,0.6103,4.9947
6104,0.6104,4.9986
6105,0.6105,5.0117
6106,0.6106,5.0029
6107,0.6107,5.0045
6108,0.6108,4.9963
6109,0.6109,5.018
6110,0.611,4.9895
6111,0.6111,5.0262
6112,0.6112,4.996
6113,0.6113,4.9891
6114,0.6114,5.0108
6115,0.6115,5.0079
6116,0.6116,4.9714
6117,0.6117,5.0044
6118,0.6118,4.9809
6119,0.6119,4.9887
6120,0.612,5.0129
6121,0.6121,4.9882
6122,0.6122,5.0064
6123,0.6123,4.9954
6124,0.6124,5.0301
6125,0.6125,4.9996
6126,0.6126,4.9834
6127,0.6127,4.9845
6128,0.6128,4.9875
6129,0.6129,5.003
6130,0.613,5.001
6131,0.6131,5.0156
6132,0.6132,5.0035
6133,0.6133,5.0029
6134,0.6134,5.0059
6135,0.6135,4.9991
6136,0.6136,5.0054
6137,0.6137,5.0127
6138,0.6138,5.0127
6139,0.6139,4.9928
6140,0.614,4.9744
6141,0.6141,4.9888
6142,0.6142,5.0052
6143,0.6143,4.9636
6144,0.6144,4.9938
6145,0.6145,5.0077
6146,0.6146,4.9925
6147,0.6147,4.9842
6148,0.6148,5.0272
6149,0.6149,5.0217
6150,0.615,4.997
6151,0.6151,5.0207
6152,0.6152,5.0204
6153,0.6153,4.9839
6154,0.6154,5.0411
6155,0.6155,4.9868
6156,0.6156,4.9969
6157,0.6157,4.9844
6158,0.6158,5.002
6159,0.6159,4.9811
6160,0.616,5.0007
6161,0.6161,5.0171
6162,0.6162,5.004
6163,0.6163,4.9968
6164,0.6164,5.024
6165,0.6165,4.9874
6166,0.6166,5.0153
6167,0.6167,4.9963
6168,0.6168,5.004
6169,0.6169,5.0012
6170,0.617,5.0027
6171,0.6171,5.0
6172,0.6172,4.989
6173,0.6173,4.9922
6174,0.6174,5.0074
6175,0.6175,4.9991
6176,0.6176,4.9833
6177,0.6177,4.9901
6178,0.6178,4.9903
6179,0.6179,4.9999
6180,0.618,5.0033
6181,0.6181,5.002
6182,0.6182,4.9908
6183,0.6183,5.0009
6184,0.6184,4.9801
6185,0.6185,4.9574
6186,0.6186,4.9998
6187,0.6187,4.9758
6188,0.6188,4.9864
6189,0.6189,4.9825
6190,0.619,5.01
6191,0.6191,4.9824
6192,0.6192,5.0046
6193,0.6193,4.9932
6194,0.6194,4.9819
6195,0.6195,4.9768
6196,0.6196,5.0074
6197,0.6197,5.0062
6198,0.6198,5.012
6199,0.6199,5.0279
6200,0.62,5.0044
6201,0.6201,5.0046
6202,0.6202,4.9985
6203,0.6203,5.0019
6204,0.6204,4.9951
6205,0.6205,4.9869
6206,0.6206,5.0302
6207,0.6207,4.9723
6208,0.6208,5.0041
6209,0.6209,5.0069
6210,0.621,5.0025
6211,0.6211,4.9858
6212,0.6212,4.9973
6213,0.6213,4.9933
6214,0.6214,4.984
6215,0.6215,4.9995
6216,0.6216,4.994
6217,0.6217,4.9918
6218,0.6218,5.0103
6219,0.6219,4.9842
6220,0.622,5.0067
6221,0.6221,4.9909
6222,0.6222,5.0064
6223,0.6223,5.0011
6224,0.6224,5.0036
6225,0.6225,4.9853
6226,0.6226,4.9884
6227,0.6227,4.9871
6228,0.6228,5.0026
6229,0.6229,5.0111
6230,0.623,5.0161
6231,0.6231,4.9924
6232,0.6232,5.0012
6233,0.6233,4.9757
6234,0.6234,4.9667
6235,0.6235,4.9869
6236,0.6236,4.9899
6237,0.6237,4.9766
6238,0.6238,4.9732
6239,0.6239,5.0078
6240,0.624,4.9878
6241,0.6241,4.9747
6242,0.6242,5.0346
6243,0.6243,5.0024
6244,0.6244,4.995
6245,0.6245,5.0099
6246,0.6246,4.9884
6247,0.6247,5.0235
6248,0.6248,4.9767
6249,0.6249,4.9802
6250,0.625,4.9976
6251,0.6251,4.9882
6252,0.6252,5.0208
6253,0.6253,4.9757
6254,0.6254,4.9887
6255,0.6255,5.0032
6256,0.6256,5.008
6257,0.6257,5.0146
6258,0.6258,5.0047
6259,0.6259,5.0325
6260,0.626,4.9925
6261,0.6261,5.0022
6262,0.6262,5.0123
6263,0.6263,4.9948
6264,0.6264,4.9951
6265,0.6265,4.9926
6266,0.6266,4.9899
6267,0.6267,4.9826
6268,0.6268,4.9912
6269,0.6269,4.9763
6270,0.627,5.0051
6271,0.6271,4.9756
6272,0.6272,5.0303
6273,0.6273,5.0248
6274,0.6274,5.0159
6275,0.6275,4.9962
6276,0.6276,4.9906
6277,0.6277,5.0177
6278,0.6278,5.002
6279,0.6279,5.0077
6280,0.628,4.9886
6281,0.6281,5.0153
6282,0.6282,4.9874
6283,0.6283,5.0009
6284,0.6284,4.9734
6285,0.6285,4.9895
6286,0.6286,5.0068
6287,0.6287,4.9925
6288,0.6288,4.9926
6289,0.6289,5.011
6290,0.629,4.9982
6291,0.6291,5.0178
6292,0.6292,4.9631
6293,0.6293,5.0077
6294,0.6294,5.0068
6295,0.6295,4.9762
6296,0.6296,4.9798
6297,0.6297,5.0123
6298,0.6298,4.9833
6299,0.6299,4.9897
6300,0.63,5.0081
6301,0.6301,4.9942
6302,0.6302,5.0063
6303,0.6303,4.9862
6304,0.6304,5.0036
6305,0.6305,5.0154
6306,0.6306,5.0041
6307,0.6307,4.9664
6308,0.6308,5.0089
6309,0.6309,5.0001
6310,0.631,4.9857
6311,0.6311,5.02
6312,0.6312,4.9731
6313,0.6313,5.0272
6314,0.6314,4.9897
6315,0.6315,5.0227
6316,0.6316,4.9985
6317,0.6317,4.9793
6318,0.6318,5.0006
6319,0.6319,5.0041
6320,0.632,5.0073
6321,0.6321,5.015
6322,0.6322,4.9858
6323,0.6323,5.0065
6324,0.6324,5.0102
6325,0.6325,4.9951
6326,0.6326,4.9852
6327,0.6327,4.9849
6328,0.6328,5.0104
6329,0.6329,5.0111
6330,0.633,4.9868
6331,0.6331,4.9792
6332,0.6332,5.0177
6333,0.6333,4.976
6334,0.6334,5.0015
6335,0.6335,4.9871
6336,0.6336,4.9729
6337,0.6337,5.001
6338,0.6338,4.9963
6339,0.6339,5.0206
6340,0.634,5.0331
6341,0.6341,4.9963
6342,0.6342,5.0145
6343,0.6343,5.0148
6344,0.6344,4.9913
6345,0.6345,4.9862
6346,0.6346,5.0232
6347,0.6347,4.9937
6348,0.6348,4.9988
6349,0.6349,4.9948
6350,0.635,4.9972
6351,0.6351,4.9901
6352,0.6352,5.0103
6353,0.6353,5.0179
6354,0.6354,4.9936
6355,0.6355,4.9785
6356,0.6356,4.9999
6357,0.6357,4.9769
6358,0.6358,4.9896
6359,0.6359,5.0175
6360,0.636,5.0338
6361,0.6361,5.0048
6362,0.6362,4.9832
6363,0.6363,5.0108
6364,0.6364,4.9656
6365,0.6365,4.9888
6366,0.6366,5.0219
6367,0.6367,5.0103
6368,0.6368,4.9785
6369,0.6369,4.9743
6370,0.637,5.0119
6371,0.6371,4.9984
6372,0.6372,4.9903
6373,0.6373,5.0053
6374,0.6374,4.9906
6375,0.6375,4.9705
6376,0.6376,5.0112
6377,0.6377,4.9895
6378,0.6378,4.9842
6379,0.6379,4.9792
6380,0.638,5.0029
6381,0.6381,4.9871
6382,0.6382,5.0085
6383,0.6383,4.9952
6384,0.6384,5.0153
6385,0.6385,4.9934
6386,0.6386,4.9894
6387,0.6387,4.9698
6388,0.6388,4.9827
6389,0.6389,5.0099
6390,0.639,5.0447
6391,0.6391,4.9805
6392,0.6392,4.9837
6393,0.6393,5.0042
6394,0.6394,5.0063
6395,0.6395,4.989
6396,0.6396,5.0003
6397,0.6397,4.9752
6398,0.6398,4.9947
6399,0.6399,5.0126
6400,0.64,5.0235
6401,0.6401,4.9967
6402,0.6402,4.9953
6403,0.6403,5.0059
6404,0.6404,5.0157
6405,0.6405,5.0064
6406,0.6406,4.988
6407,0.6407,5.0045
6408,0.6408,5.0136
6409,0.6409,4.9885
6410,0.641,4.9792
6411,0.6411,5.0068
6412,0.6412,5.0046
6413,0.6413,5.0136
6414,0.6414,5.0005
6415,0.6415,4.9896
6416,0.6416,4.9927
6417,0.6417,4.9838
6418,0.6418,4.9851
6419,0.6419,4.9908
6420,0.642,4.992
6421,0.6421,5.0158
6422,0.6422,4.9809
6423,0.6423,4.9985
6424,0.6424,4.9904
6425,0.6425,5.0214
6426,0.6426,5.0031
6427,0.6427,4.9937
6428,0.6428,5.0114
6429,0.6429,5.0002
6430,0.643,4.9921
6431,0.6431,5.0221
6432,0.6432,5.0099
6433,0.6433,5.0251
6434,0.6434,5.0165
6435,0.6435,5.0108
6436,0.6436,5.0012
6437,0.6437,4.9831
6438,0.6438,5.0099
6439,0.6439,5.0004
6440,0.644,5.0094
6441,0.6441,4.9992
6442,0.6442,4.989
6443,0.6443,4.9843
6444,0.6444,5.0097
6445,0.6445,5.0186
6446,0.6446,4.995
6447,0.6447,5.0061
6448,0.6448,5.02
6449,0.6449,4.9869
6450,0.645,4.9943
6451,0.6451,4.9826
6452,0.6452,5.0169
6453,0.6453,5.0033
6454,0.6454,4.9925
6455,0.6455,4.9747
6456,0.6456,4.9967
6457,0.6457,5.0142
6458,0.6458,4.995
6459,0.6459,4.993
6460,0.646,5.0089
6461,0.6461,4.981
6462,0.6462,5.0002
6463,0.6463,5.0083
6464,0.6464,4.9878
6465,0.6465,4.987
6466,0.6466,5.0031
6467,0.6467,4.9979
6468,0.6468,4.9959
6469,0.6469,5.0025
6470,0.647,5.0027
6471,0.6471,4.9856
6472,0.6472,4.9895
6473,0.6473,5.0061
6474,0.6474,5.0161
6475,0.6475,5.0196
6476,0.6476,4.9868
6477,0.6477,5.0157
6478,0.6478,5.0107
6479,0.6479,4.999
6480,0.648,5.0067
6481,0.6481,5.0118
6482,0.6482,5.0261
6483,0.6483,4.9838
6484,0.6484,5.0084
6485,0.6485,4.9974
6486,0.6486,4.9964
6487,0.6487,5.0165
6488,0.6488,5.0117
6489,0.6489,4.9844
6490,0.649,4.9953
6491,0.6491,5.0029
6492,0.6492,4.9785
6493,0.6493,5.0123
6494,0.6494,4.9984
6495,0.6495,5.0019
6496,0.6496,5.0045
6497,0.6497,5.0264
6498,0.6498,5.0001
6499,0.6499,4.9942
6500,0.65,5.0254
6501,0.6501,4.9921
6502,0.6502,4.9917
6503,0.6503,4.9789
6504,0.6504,5.0156
6505,0.6505,5.0036
6506,0.6506,5.0065
6507,0.6507,5.002
6508,0.6508,4.9975
6509,0.6509,4.9879
6510,0.651,4.9879
6511,0.6511,5.006
6512,0.6512,5.0014
6513,0.6513,5.0238
6514,0.6514,4.9883
6515,0.6515,4.9923
6516,0.6516,4.9844
6517,0.6517,5.02
6518,0.6518,4.9813
6519,0.6519,5.011
6520,0.652,5.0209
6521,0.6521,4.9975
6522,0.6522,5.0103
6523,0.6523,4.968
6524,0.6524,4.9938
6525,0.6525,4.975
6526,0.6526,5.0021
6527,0.6527,4.9997
6528,0.6528,4.9882
6529,0.6529,5.0136
6530,0.653,5.0049
6531,0.6531,4.9918
6532,0.6532,4.992
6533,0.6533,4.9778
6534,0.6534,4.9968
6535,0.6535,5.031
6536,0.6536,4.9891
6537,0.6537,5.0058
6538,0.6538,4.9915
6539,0.6539,5.0115
6540,0.654,5.0061
6541,0.6541,4.9961
6542,0.6542,4.9732
6543,0.6543,4.992
6544,0.6544,5.0174
6545,0.6545,4.996
6546,0.6546,5.0089
6547,0.6547,4.9925
6548,0.6548,4.9719
6549,0.6549,5.0059
6550,0.655,5.0044
6551,0.6551,4.991
6552,0.6552,4.9941
6553,0.6553,5.0039
6554,0.6554,4.9908
6555,0.6555,5.0048
6556,0.6556,4.9966
6557,0.6557,4.9647
6558,0.6558,4.9975
6559,0.6559,4.9908
6560,0.656,4.9872
6561,0.6561,5.0056
6562,0.6562,4.9924
6563,0.6563,5.0076
6564,0.6564,5.0158
6565,0.6565,5.0018
6566,0.6566,4.9767
6567,0.6567,4.9888
6568,0.6568,5.0132
6569,0.6569,4.9958
6570,0.657,4.9877
6571,0.6571,4.9983
6572,0.6572,5.0071
6573,0.6573,5.0035
6574,0.6574,5.0092
6575,0.6575,4.9874
6576,0.6576,4.9956
6577,0.6577,4.9959
6578,0.6578,4.9993
6579,0.6579,4.9686
6580,0.658,4.9962
6581,0.6581,4.9798
6582,0.6582,5.0203
6583,0.6583,5.0228
6584,0.6584,5.0246
6585,0.6585,5.0117
6586,0.6586,4.9925
6587,0.6587,5.0139
6588,0.6588,4.9967
6589,0.6589,5.0088
6590,0.659,4.9863
6591,0.6591,4.991
6592,0.6592,5.0066
6593,0.6593,5.026
6594,0.6594,4.9993
6595,0.6595,5.0331
6596,0.6596,5.0406
6597,0.6597,4.9807
6598,0.6598,4.9993
6599,0.6599,4.9856
6600,0.66,4.9977
6601,0.6601,4.9918
6602,0.6602,4.9987
6603,0.6603,5.014
6604,0.6604,5.0137
6605,0.6605,5.0036
6606,0.6606,4.9998
6607,0.6607,5.0015
6608,0.6608,5.0016
6609,0.6609,5.0083
6610,0.661,4.9998
6611,0.6611,5.0072
6612,0.6612,4.9803
6613,0.6613,5.0115
6614,0.6614,5.0257
6615,0.6615,5.0025
6616,0.6616,4.9788
6617,0.6617,5.0198
6618,0.6618,4.9949
6619,0.6619,4.9554
6620,0.662,4.9965
6621,0.6621,5.0088
6622,0.6622,5.0055
6623,0.6623,5.0182
6624,0.6624,5.009
6625,0.6625,5.0016
6626,0.6626,4.9705
6627,0.6627,4.9833
6628,0.6628,5.0025
6629,0.6629,5.0098
6630,0.663,4.9846
6631,0.6631,4.9907
6632,0.6632,5.0068
6633,0.6633,4.9715
6634,0.6634,4.9709
6635,0.6635,4.9964
6636,0.6636,5.0035
6637,0.6637,4.9927
6638,0.6638,4.9658
6639,0.6639,5.0001
6640,0.664,4.9801
6641,0.6641,5.0095
6642,0.6642,4.9983
6643,0.6643,5.0037
6644,0.6644,5.0093
6645,0.6645,4.992
6646,0.6646,5.0121
6647,0.6647,5.0183
6648,0.6648,5.0057
6649,0.6649,5.0195
6650,0.665,4.9905
6651,0.6651,5.0134
6652,0.6652,5.0038
6653,0.6653,4.9852
6654,0.6654,4.9986
6655,0.6655,4.9919
6656,0.6656,4.9916
6657,0.6657,5.0011
6658,0.6658,5.0156
6659,0.6659,4.9951
6660,0.666,5.0017
6661,0.6661,4.978
6662,0.6662,5.0014
6663,0.6663,5.017
6664,0.6664,5.0118
6665,0.6665,5.0069
6666,0.6666,4.992
6667,0.6667,4.9853
6668,0.6668,4.9984
6669,0.6669,4.9799
6670,0.667,4.9815
6671,0.6671,5.0138
6672,0.6672,4.9862
6673,0.6673,5.0265
6674,0.6674,4.9786
6675,0.6675,5.0062
6676,0.6676,4.9824
6677,0.6677,5.0024
6678,0.6678,4.9844
6679,0.6679,5.0004
6680,0.668,4.9975
6681,0.6681,4.9931
6682,0.6682,5.0074
6683,0.6683,5.0222
6684,0.6684,4.991
6685,0.6685,5.013
6686,0.6686,5.0011
6687,0.6687,4.9994
6688,0.6688,5.0324
6689,0.6689,4.9676
6690,0.669,4.9897
6691,0.6691,4.9729
6692,0.6692,4.9952
6693,0.6693,4.9964
6694,0.6694,5.0564
6695,0.6695,5.005
6696,0.6696,5.0265
6697,0.6697,5.0191
6698,0.6698,4.9933
6699,0.6699,5.0069
6700,0.67,5.0246
6701,0.6701,5.0024
6702,0.6702,5.0029
6703,0.6703,5.0073
6704,0.6704,4.9775
6705,0.6705,4.9877
6706,0.6706,5.0048
6707,0.6707,5.0079
6708,0.6708,4.9862
6709,0.6709,4.995
6710,0.671,4.998
6711,0.6711,4.9976
6712,0.6712,5.0101
6713,0.6713,5.0014
6714,0.6714,5.0023
6715,0.6715,4.9788
6716,0.6716,4.9841
6717,0.6717,5.0046
6718,0.6718,4.9761
6719,0.6719,5.0038
6720,0.672,4.99
6721,0.6721,4.9877
6722,0.6722,5.0094
6723,0.6723,4.9897
6724,0.6724,4.987
6725,0.6725,4.9897
6726,0.6726,5.0006
6727,0.6727,5.0406
6728,0.6728,4.9682
6729,0.6729,4.9995
6730,0.673,4.9961
6731,0.6731,5.0139
6732,0.6732,4.9942
6733,0.6733,4.9629
6734,0.6734,5.0194
6735,0.6735,4.9835
6736,0.6736,4.9988
6737,0.6737,4.9793
6738,0.6738,4.9834
6739,0.6739,4.9923
6740,0.674,5.0124
6741,0.6741,5.0122
6742,0.6742,4.9908
6743,0.6743,5.0071
6744,0.6744,4.9941
6745,0.6745,5.0013
6746,0.6746,5.0019
6747,0.6747,5.0089
6748,0.6748,4.9905
6749,0.6749,4.9977
6750,0.675,5.0029
6751,0.6751,5.001
6752,0.6752,4.9877
6753,0.6753,5.0253
6754,0.6754,4.9927
6755,0.6755,5.0109
6756,0.6756,5.0026
6757,0.6757,5.0178
6758,0.6758,4.967
6759,0.6759,5.0301
6760,0.676,4.9964
6761,0.6761,4.9812
6762,0.6762,5.0015
6763,0.6763,5.0332
6764,0.6764,5.0071
6765,0.6765,4.9812
6766,0.6766,4.9927
6767,0.6767,5.0195
6768,0.6768,4.9786
6769,0.6769,4.9969
6770,0.677,4.9952
6771,0.6771,5.0318
6772,0.6772,4.9952
6773,0.6773,5.0191
6774,0.6774,4.9894
6775,0.6775,4.9876
6776,0.6776,5.0145
6777,0.6777,5.0088
6778,0.6778,4.9738
6779,0.6779,5.0091
6780,0.678,5.0091
6781,0.6781,4.9904
6782,0.6782,5.0028
6783,0.6783,5.0035
6784,0.6784,4.9923
6785,0.6785,4.9908
6786,0.6786,4.9895
6787,0.6787,4.9955
6788,0.6788,4.9797
6789,0.6789,4.9989
6790,0.679,4.9772
6791,0.6791,5.0006
6792,0.6792,4.9982
6793,0.6793,4.9841
6794,0.6794,5.0122
6795,0.6795,5.0284
6796,0.6796,5.0192
6797,0.6797,4.9792
6798,0.6798,5.0185
6799,0.6799,5.0028
6800,0.68,4.9987
6801,0.6801,4.9906
6802,0.6802,4.9994
6803,0.6803,5.0202
6804,0.6804,5.0076
6805,0.6805,4.9933
6806,0.6806,4.9895
6807,0.6807,4.9933
6808,0.6808,5.0082
6809,0.6809,5.0273
6810,0.681,4.9837
6811,0.6811,4.9995
6812,0.6812,4.9938
6813,0.6813,4.9883
6814,0.6814,5.0054
6815,0.6815,5.0077
6816,0.6816,4.9784
6817,0.6817,4.9841
6818,0.6818,5.0173
6819,0.6819,5.0042
6820,0.682,5.0072
6821,0.6821,4.992
6822,0.6822,4.9938
6823,0.6823,5.0063
6824,0.6824,4.9921
6825,0.6825,4.983
6826,0.6826,4.9995
6827,0.6827,5.0129
6828,0.6828,4.9842
6829,0.6829,5.0152
6830,0.683,5.0099
6831,0.6831,4.9867
6832,0.6832,4.9996
6833,0.6833,4.9989
6834,0.6834,5.0089
6835,0.6835,5.0094
6836,0.6836,4.9801
6837,0.6837,4.9795
6838,0.6838,5.0148
6839,0.6839,5.0012
6840,0.684,5.0057
6841,0.6841,5.0044
6842,0.6842,5.0222
6843,0.6843,4.9816
6844,0.6844,5.0157
6845,0.6845,4.9873
6846,0.6846,5.0103
6847,0.6847,5.0194
6848,0.6848,4.979
6849,0.6849,5.0055
6850,0.685,4.9954
6851,0.6851,4.9952
6852,0.6852,5.0001
6853,0.6853,4.9839
6854,0.6854,4.9852
6855,0.6855,5.0092
6856,0.6856,5.012
6857,0.6857,4.9911
6858,0.6858,4.9779
6859,0.6859,5.0338
6860,0.686,5.0158
6861,0.6861,5.0048
6862,0.6862,4.9842
6863,0.6863,4.9908
6864,0.6864,5.0031
6865,0.6865,4.9852
6866,0.6866,5.0232
6867,0.6867,5.0015
6868,0.6868,5.0053
6869,0.6869,4.9842
6870,0.687,4.986
6871,0.6871,4.9878
6872,0.6872,5.0036
6873,0.6873,4.9956
6874,0.6874,4.9952
6875,0.6875,5.0041
6876,0.6876,5.0028
6877,0.6877,5.0214
6878,0.6878,4.9966
6879,0.6879,4.9845
6880,0.688,4.9993
6881,0.6881,5.0211
6882,0.6882,4.9913
6883,0.6883,5.0002
6884,0.6884,4.9942
6885,0.6885,5.0055
6886,0.6886,5.0033
6887,0.6887,4.9875
6888,0.6888,4.9961
6889,0.6889,5.0134
6890,0.689,5.0157
6891,0.6891,5.0131
6892,0.6892,5.0122
6893,0.6893,4.9946
6894,0.6894,4.9941
6895,0.6895,5.0132
6896,0.6896,4.9822
6897,0.6897,4.9986
6898,0.6898,4.9721
6899,0.6899,4.9939
6900,0.69,4.9891
6901,0.6901,4.9817
6902,0.6902,5.008
6903,0.6903,4.9887
6904,0.6904,4.9941
6905,0.6905,4.9957
6906,0.6906,4.9886
6907,0.6907,5.0205
6908,0.6908,4.9922
6909,0.6909,5.0024
6910,0.691,4.9803
6911,0.6911,4.9925
6912,0.6912,4.9947
6913,0.6913,4.995
6914,0.6914,4.9909
6915,0.6915,5.0016
6916,0.6916,5.0225
6917,0.6917,4.9976
6918,0.6918,4.9975
6919,0.6919,4.9938
6920,0.692,5.0369
6921,0.6921,5.0233
6922,0.6922,5.0077
6923,0.6923,5.0099
6924,0.6924,4.9891
6925,0.6925,4.9973
6926,0.6926,5.0026
6927,0.6927,5.0013
6928,0.6928,4.9869
6929,0.6929,4.988
6930,0.693,5.0071
6931,0.6931,5.0041
6932,0.6932,4.9685
6933,0.6933,5.0009
6934,0.6934,5.0182
6935,0.6935,4.99
6936,0.6936,5.0031
6937,0.6937,4.9781
6938,0.6938,5.0118
6939,0.6939,4.9831
6940,0.694,4.9811
6941,0.6941,4.9949
6942,0.6942,5.0344
6943,0.6943,4.9905
6944,0.6944,4.981
6945,0.6945,5.0063
6946,0.6946,5.0029
6947,0.6947,5.0239
6948,0.6948,4.9809
6949,0.6949,4.9761
6950,0.695,4.9949
6951,0.6951,5.0051
6952,0.6952,5.0048
6953,0.6953,5.0155
6954,0.6954,4.9776
6955,0.6955,4.9874
6956,0.6956,4.9976
6957,0.6957,5.0119
6958,0.6958,5.0065
6959,0.6959,4.9933
6960,0.696,4.9845
6961,0.6961,5.0125
6962,0.6962,5.0135
6963,0.6963,5.0394
6964,0.6964,4.9969
6965,0.6965,5.0234
6966,0.6966,4.9818
6967,0.6967,4.9916
6968,0.6968,4.9896
6969,0.6969,4.9927
6970,0.697,4.9867
6971,0.6971,4.9916
6972,0.6972,4.9987
6973,0.6973,4.9929
6974,0.6974,5.0093
6975,0.6975,4.9983
6976,0.6976,4.9995
6977,0.6977,5.0212
6978,0.6978,5.0042
6979,0.6979,5.0018
6980,0.698,4.9993
6981,0.6981,5.0005
6982,0.6982,5.008
6983,0.6983,4.9878
6984,0.6984,5.0164
6985,0.6985,5.0227
6986,0.6986,5.0165
6987,0.6987,4.9923
6988,0.6988,4.9761
6989,0.6989,4.9931
6990,0.699,5.0018
6991,0.6991,5.0117
6992,0.6992,4.9969
6993,0.6993,4.9951
6994,0.6994,5.0219
6995,0.6995,4.9897
6996,0.6996,5.0152
6997,0.6997,5.0129
6998,0.6998,4.98
6999,0.6999,5.0036
7000,0.7,4.9914
7001,0.7001,4.9856
7002,0.7002,4.9724
7003,0.7003,4.9765
7004,0.7004,5.0056
7005,0.7005,4.9939
7006,0.7006,5.0036
7007,0.7007,4.9839
7008,0.7008,4.9948
7009,0.7009,4.9956
7010,0.701,4.9769
7011,0.7011,4.9751
7012,0.7012,5.006
7013,0.7013,5.0017
7014,0.7014,4.9858
7015,0.7015,4.9981
7016,0.7016,5.0093
7017,0.7017,5.0265
7018,0.7018,4.9865
7019,0.7019,5.0086
7020,0.702,5.0307
7021,0.7021,5.0005
7022,0.7022,5.0211
7023,0.7023,4.9616
7024,0.7024,5.0209
7025,0.7025,4.9994
7026,0.7026,4.972
7027,0.7027,5.011
7028,0.7028,5.015
7029,0.7029,5.0173
7030,0.703,5.0172
7031,0.7031,4.9991
7032,0.7032,4.9886
7033,0.7033,4.9928
7034,0.7034,4.999
7035,0.7035,5.0055
7036,0.7036,4.9925
7037,0.7037,5.0003
7038,0.7038,5.0125
7039,0.7039,5.0043
7040,0.704,5.0333
7041,0.7041,5.0313
7042,0.7042,4.9827
7043,0.7043,4.9912
7044,0.7044,4.9803
7045,0.7045,4.9824
7046,0.7046,5.0076
7047,0.7047,4.985
7048,0.7048,4.9841
7049,0.7049,4.9956
7050,0.705,5.0113
7051,0.7051,4.9943
7052,0.7052,4.9943
7053,0.7053,5.0131
7054,0.7054,5.0065
7055,0.7055,5.0063
7056,0.7056,5.0135
7057,0.7057,4.9847
7058,0.7058,5.0027
7059,0.7059,4.9902
7060,0.706,5.0147
7061,0.7061,5.0116
7062,0.7062,4.9842
7063,0.7063,5.0193
7064,0.7064,4.9823
7065,0.7065,5.0168
7066,0.7066,5.0026
7067,0.7067,4.9867
7068,0.7068,4.9831
7069,0.7069,4.9951
7070,0.707,4.9992
7071,0.7071,4.9891
7072,0.7072,5.0079
7073,0.7073,4.9789
7074,0.7074,4.9994
7075,0.7075,4.9996
7076,0.7076,4.9719
7077,0.7077,5.0041
7078,0.7078,4.9809
7079,0.7079,4.9627
7080,0.708,4.9905
7081,0.7081,4.9962
7082,0.7082,5.0129
7083,0.7083,4.9924
7084,0.7084,5.0213
7085,0.7085,5.0208
7086,0.7086,5.0157
7087,0.7087,5.0191
7088,0.7088,5.0047
7089,0.7089,4.9913
7090,0.709,5.0091
7091,0.7091,5.0138
7092,0.7092,5.0031
7093,0.7093,4.9959
7094,0.7094,4.9764
7095,0.7095,5.0095
7096,0.7096,5.0047
7097,0.7097,4.9803
7098,0.7098,5.001
7099,0.7099,5.0102
7100,0.71,4.9979
7101,0.7101,5.0111
7102,0.7102,5.0107
7103,0.7103,4.9777
7104,0.7104,4.9951
7105,0.7105,5.0067
7106,0.7106,5.0131
7107,0.7107,5.0204
7108,0.7108,4.9712
7109,0.7109,4.9986
7110,0.711,5.0101
7111,0.7111,5.0177
7112,0.7112,5.0245
7113,0.7113,4.9857
7114,0.7114,4.994
7115,0.7115,4.9839
7116,0.7116,5.0117
7117,0.7117,4.9799
7118,0.7118,5.0171
7119,0.7119,5.0134
7120,0.712,5.0068
7121,0.7121,4.9674
7122,0.7122,4.9895
7123,0.7123,5.0106
7124,0.7124,4.9786
7125,0.7125,4.996
7126,0.7126,4.998
7127,0.7127,5.0127
7128,0.7128,5.0037
7129,0.7129,5.0036
7130,0.713,4.993
7131,0.7131,4.9996
7132,0.7132,4.9975
7133,0.7133,5.0103
7134,0.7134,4.9969
7135,0.7135,5.0148
7136,0.7136,4.9744
7137,0.7137,5.0173
7138,0.7138,4.997
7139,0.7139,5.0162
7140,0.714,5.0008
7141,0.7141,5.0122
7142,0.7142,5.0217
7143,0.7143,4.9913
7144,0.7144,5.0007
7145,0.7145,4.997
7146,0.7146,5.0026
7147,0.7147,4.9755
7148,0.7148,4.997
7149,0.7149,4.9958
7150,0.715,4.9879
7151,0.7151,4.9966
7152,0.7152,4.9767
7153,0.7153,5.0202
7154,0.7154,5.0061
7155,0.7155,5.0274
7156,0.7156,4.9866
7157,0.7157,4.9822
7158,0.7158,5.0037
7159,0.7159,4.9748
7160,0.716,5.0029
7161,0.7161,4.9891
7162,0.7162,4.9945
7163,0.7163,5.0033
7164,0.7164,5.0002
7165,0.7165,5.0271
7166,0.7166,5.0089
7167,0.7167,4.9803
7168,0.7168,5.014
7169,0.7169,4.9796
7170,0.717,5.0008
7171,0.7171,4.981
7172,0.7172,4.9872
7173,0.7173,5.0189
7174,0.7174,4.9912
7175,0.7175,4.9899
7176,0.7176,4.9911
7177,0.7177,4.9948
7178,0.7178,5.0208
7179,0.7179,4.982
7180,0.718,4.9811
7181,0.7181,5.008
7182,0.7182,4.9758
7183,0.7183,4.994
7184,0.7184,5.0162
7185,0.7185,4.9994
7186,0.7186,4.9923
7187,0.7187,4.9889
7188,0.7188,4.9858
7189,0.7189,4.9906
7190,0.719,5.0014
7191,0.7191,5.0178
7192,0.7192,5.0137
7193,0.7193,4.991
7194,0.7194,4.9885
7195,0.7195,5.0097
7196,0.7196,4.9724
7197,0.7197,4.9928
7198,0.7198,4.9945
7199,0.7199,4.9829
7200,0.72,4.9846
7201,0.7201,5.0044
7202,0.7202,4.9748
7203,0.7203,4.9857
7204,0.7204,4.9896
7205,0.7205,5.0004
7206,0.7206,4.9789
7207,0.7207,5.0153
7208,0.7208,4.9946
7209,0.7209,4.9953
7210,0.721,4.9938
7211,0.7211,4.9892
7212,0.7212,4.9846
7213,0.7213,5.0161
7214,0.7214,5.0021
7215,0.7215,4.9975
7216,0.7216,5.0138
7217,0.7217,4.9885
7218,0.7218,5.0084
7219,0.7219,4.9994
7220,0.722,4.9859
7221,0.7221,5.0103
7222,0.7222,4.9769
7223,0.7223,5.0086
7224,0.7224,4.9859
7225,0.7225,5.005
7226,0.7226,5.0194
7227,0.7227,5.0074
7228,0.7228,4.9901
7229,0.7229,4.9985
7230,0.723,4.9935
7231,0.7231,4.9816
7232,0.7232,4.9826
7233,0.7233,4.9995
7234,0.7234,5.0068
7235,0.7235,4.9728
7236,0.7236,4.9978
7237,0.7237,5.0063
7238,0.7238,5.0004
7239,0.7239,4.984
7240,0.724,5.0141
7241,0.7241,4.9808
7242,0.7242,5.0083
7243,0.7243,5.0224
7244,0.7244,4.9686
7245,0.7245,5.0025
7246,0.7246,5.0034
7247,0.7247,5.0021
7248,0.7248,4.9874
7249,0.7249,4.9941
7250,0.725,4.9781
7251,0.7251,5.0006
7252,0.7252,5.0066
7253,0.7253,4.9889
7254,0.7254,4.985
7255,0.7255,4.9917
7256,0.7256,4.9985
7257,0.7257,4.9995
7258,0.7258,4.9971
7259,0.7259,4.9996
7260,0.726,4.9793
7261,0.7261,4.9584
7262,0.7262,5.0077
7263,0.7263,5.0195
7264,0.7264,4.9777
7265,0.7265,4.9888
7266,0.7266,5.003
7267,0.7267,5.0126
7268,0.7268,5.0081
7269,0.7269,5.0174
7270,0.727,4.9978
7271,0.7271,5.0047
7272,0.7272,5.0046
7273,0.7273,4.9922
7274,0.7274,5.0162
7275,0.7275,5.0077
7276,0.7276,5.0129
7277,0.7277,4.9928
7278,0.7278,5.0137
7279,0.7279,4.983
7280,0.728,5.0043
7281,0.7281,4.9601
7282,0.7282,4.9837
7283,0.7283,5.0094
7284,0.7284,4.9919
7285,0.7285,5.0011
7286,0.7286,4.9747
7287,0.7287,5.0213
7288,0.7288,5.0073
7289,0.7289,4.9981
7290,0.729,5.0046
7291,0.7291,5.0033
7292,0.7292,5.0193
7293,0.7293,5.0017
7294,0.7294,4.9769
7295,0.7295,4.9948
7296,0.7296,5.0173
7297,0.7297,5.0069
7298,0.7298,4.9923
7299,0.7299,5.0075
7300,0.73,5.0002
7301,0.7301,5.0074
7302,0.7302,4.9752
7303,0.7303,4.9853
7304,0.7304,5.0083
7305,0.7305,4.9952
7306,0.7306,5.0037
7307,0.7307,5.0272
7308,0.7308,4.9939
7309,0.7309,5.002
7310,0.731,4.9903
7311,0.7311,4.9893
7312,0.7312,4.9974
7313,0.7313,4.9772
7314,0.7314,4.9676
7315,0.7315,5.0185
7316,0.7316,4.997
7317,0.7317,5.015
7318,0.7318,5.0003
7319,0.7319,5.0007
7320,0.732,5.0083
7321,0.7321,5.009
7322,0.7322,4.9809
7323,0.7323,5.0162
7324,0.7324,4.9843
7325,0.7325,5.0015
7326,0.7326,5.036
7327,0.7327,4.9997
7328,0.7328,5.0229
7329,0.7329,4.9934
7330,0.733,5.0075
7331,0.7331,4.9993
7332,0.7332,5.0046
7333,0.7333,4.986
7334,0.7334,4.9851
7335,0.7335,5.0034
7336,0.7336,4.9756
7337,0.7337,4.9862
7338,0.7338,5.0079
7339,0.7339,4.9895
7340,0.734,4.9855
7341,0.7341,4.9823
7342,0.7342,5.0007
7343,0.7343,4.9932
7344,0.7344,5.0007
7345,0.7345,4.9958
7346,0.7346,5.0256
7347,0.7347,4.9921
7348,0.7348,4.9699
7349,0.7349,5.0002
7350,0.735,4.9986
7351,0.7351,5.0008
7352,0.7352,4.975
7353,0.7353,5.0151
7354,0.7354,4.9981
7355,0.7355,4.9979
7356,0.7356,4.9754
7357,0.7357,5.0055
7358,0.7358,4.9976
7359,0.7359,5.0183
7360,0.736,4.9925
7361,0.7361,4.9805
7362,0.7362,5.0004
7363,0.7363,4.9852
7364,0.7364,5.0046
7365,0.7365,4.9827
7366,0.7366,4.9966
7367,0.7367,4.9952
7368,0.7368,4.998
7369,0.7369,4.991
7370,0.737,4.9867
7371,0.7371,4.9977
7372,0.7372,4.9901
7373,0.7373,5.0008
7374,0.7374,4.9946
7375,0.7375,4.9658
7376,0.7376,4.9976
7377,0.7377,5.0188
7378,0.7378,5.0029
7379,0.7379,5.0073
7380,0.738,5.0052
7381,0.7381,4.9917
7382,0.7382,4.9791
7383,0.7383,5.0103
7384,0.7384,5.0139
7385,0.7385,5.0068
7386,0.7386,5.0047
7387,0.7387,5.0043
7388,0.7388,4.9981
7389,0.7389,5.0025
7390,0.739,4.9987
7391,0.7391,5.0033
7392,0.7392,4.9848
7393,0.7393,4.9894
7394,0.7394,5.0068
7395,0.7395,4.9936
7396,0.7396,4.9635
7397,0.7397,5.0003
7398,0.7398,4.9654
7399,0.7399,5.0262
7400,0.74,5.009
7401,0.7401,5.0083
7402,0.7402,4.9889
7403,0.7403,4.9822
7404,0.7404,4.9955
7405,0.7405,4.9989
7406,0.7406,4.9874
7407,0.7407,5.0009
7408,0.7408,5.0085
7409,0.7409,5.0072
7410,0.741,4.9836
7411,0.7411,4.9674
7412,0.7412,4.9986
7413,0.7413,4.9891
7414,0.7414,5.005
7415,0.7415,5.0223
7416,0.7416,5.0223
7417,0.7417,5.0028
7418,0.7418,5.0146
7419,0.7419,5.0223
7420,0.742,4.9993
7421,0.7421,5.0026
7422,0.7422,5.0109
7423,0.7423,4.9982
7424,0.7424,4.9915
7425,0.7425,4.9879
7426,0.7426,4.9988
7427,0.7427,4.9898
7428,0.7428,5.0102
7429,0.7429,4.9939
7430,0.743,5.0197
7431,0.7431,5.0161
7432,0.7432,4.981
7433,0.7433,5.0143
7434,0.7434,4.993
7435,0.7435,5.0184
7436,0.7436,5.0061
7437,0.7437,4.9981
7438,0.7438,5.0084
7439,0.7439,4.9908
7440,0.744,5.0035
7441,0.7441,5.0043
7442,0.7442,4.9967
7443,0.7443,5.0044
7444,0.7444,4.9846
7445,0.7445,5.0069
7446,0.7446,4.9816
7447,0.7447,5.0078
7448,0.7448,5.0057
7449,0.7449,5.0091
7450,0.745,4.991
7451,0.7451,5.0423
7452,0.7452,4.9957
7453,0.7453,5.0011
7454,0.7454,4.9882
7455,0.7455,5.0194
7456,0.7456,4.9923
7457,0.7457,5.0132
7458,0.7458,4.9856
7459,0.7459,5.0035
7460,0.746,4.9938
7461,0.7461,5.0124
7462,0.7462,4.9949
7463,0.7463,4.9868
7464,0.7464,5.0056
7465,0.7465,4.9821
7466,0.7466,4.9855
7467,0.7467,5.0101
7468,0.7468,4.9725
7469,0.7469,5.01
7470,0.747,4.9935
7471,0.7471,4.9862
7472,0.7472,5.0027
7473,0.7473,5.0082
7474,0.7474,4.9909
7475,0.7475,4.9967
7476,0.7476,5.0106
7477,0.7477,5.01
7478,0.7478,4.9986
7479,0.7479,4.9884
7480,0.748,4.9859
7481,0.7481,4.9909
7482,0.7482,5.009
7483,0.7483,5.0075
7484,0.7484,5.0037
7485,0.7485,5.0191
7486,0.7486,4.9951
7487,0.7487,4.994
7488,0.7488,4.9939
7489,0.7489,5.0265
7490,0.749,4.9703
7491,0.7491,5.0036
7492,0.7492,5.0058
7493,0.7493,5.0004
7494,0.7494,5.0326
7495,0.7495,5.0161
7496,0.7496,5.0104
7497,0.7497,4.9868
7498,0.7498,5.0066
7499,0.7499,4.9943
7500,0.75,5.0002
7501,0.7501,5.0024
7502,0.7502,4.9928
7503,0.7503,5.0085
7504,0.7504,5.0227
7505,0.7505,5.0143
7506,0.7506,5.0027
7507,0.7507,4.9723
7508,0.7508,5.015
7509,0.7509,5.0149
7510,0.751,4.997
7511,0.7511,4.9929
7512,0.7512,5.009
7513,0.7513,4.9883
7514,0.7514,5.011
7515,0.7515,4.9845
7516,0.7516,4.9867
7517,0.7517,5.0
7518,0.7518,4.9792
7519,0.7519,4.9998
7520,0.752,5.0073
7521,0.7521,4.9812
7522,0.7522,5.0129
7523,0.7523,4.9919
7524,0.7524,5.0076
7525,0.7525,5.0028
7526,0.7526,4.9934
7527,0.7527,4.9925
7528,0.7528,4.9758
7529,0.7529,4.99
7530,0.753,4.989
7531,0.7531,5.023
7532,0.7532,5.0142
7533,0.7533,4.9806
7534,0.7534,5.0112
7535,0.7535,5.003
7536,0.7536,4.9945
7537,0.7537,5.0064
7538,0.7538,5.011
7539,0.7539,4.9919
7540,0.754,4.996
7541,0.7541,5.0022
7542,0.7542,4.9861
7543,0.7543,5.0025
7544,0.7544,4.9988
7545,0.7545,4.9904
7546,0.7546,4.9881
7547,0.7547,5.0042
7548,0.7548,5.0122
7549,0.7549,5.0046
7550,0.755,4.9879
7551,0.7551,5.0105
7552,0.7552,5.0023
7553,0.7553,5.0083
7554,0.7554,5.0163
7555,0.7555,4.9873
7556,0.7556,4.998
7557,0.7557,4.9916
7558,0.7558,4.9877
7559,0.7559,5.0281
7560,0.756,5.0131
7561,0.7561,4.9752
7562,0.7562,5.0059
7563,0.7563,4.9922
7564,0.7564,5.0161
7565,0.7565,5.0011
7566,0.7566,4.9975
7567,0.7567,5.002
7568,0.7568,5.0054
7569,0.7569,5.0004
7570,0.757,4.9969
7571,0.7571,4.998
7572,0.7572,5.0071
7573,0.7573,4.9841
7574,0.7574,4.9999
7575,0.7575,4.9983
7576,0.7576,4.9932
7577,0.7577,5.0103
7578,0.7578,4.9819
7579,0.7579,4.9949
7580,0.758,4.988
7581,0.7581,5.0076
7582,0.7582,4.9934
7583,0.7583,5.0007
7584,0.7584,5.0054
7585,0.7585,4.9776
7586,0.7586,5.0063
7587,0.7587,4.9895
7588,0.7588,4.9964
7589,0.7589,4.9984
7590,0.759,5.0113
7591,0.7591,5.0103
7592,0.7592,5.0247
7593,0.7593,5.0025
7594,0.7594,4.9933
7595,0.7595,4.9929
7596,0.7596,5.0092
7597,0.7597,5.0224
7598,0.7598,5.0048
7599,0.7599,4.9919
7600,0.76,5.0038
7601,0.7601,5.0036
7602,0.7602,5.0005
7603,0.7603,4.9896
7604,0.7604,4.9644
7605,0.7605,4.9925
7606,0.7606,5.0147
7607,0.7607,5.003
7608,0.7608,4.9691
7609,0.7609,5.0001
7610,0.761,4.9741
7611,0.7611,5.0279
7612,0.7612,5.0027
7613,0.7613,4.9831
7614,0.7614,5.0112
7615,0.7615,4.989
7616,0.7616,5.0079
7617,0.7617,5.0003
7618,0.7618,4.9835
7619,0.7619,5.0093
7620,0.762,4.9812
7621,0.7621,5.0188
7622,0.7622,5.0008
7623,0.7623,4.9856
7624,0.7624,4.9746
7625,0.7625,5.0226
7626,0.7626,5.0203
7627,0.7627,4.9824
7628,0.7628,5.0231
7629,0.7629,5.0023
7630,0.763,4.9969
7631,0.7631,4.9988
7632,0.7632,4.9962
7633,0.7633,5.02
7634,0.7634,5.0021
7635,0.7635,4.9742
7636,0.7636,5.0293
7637,0.7637,5.0124
7638,0.7638,4.9847
7639,0.7639,4.995
7640,0.764,4.9873
7641,0.7641,5.0007
7642,0.7642,5.0055
7643,0.7643,5.0033
7644,0.7644,4.9916
7645,0.7645,4.9888
7646,0.7646,5.0119
7647,0.7647,4.9986
7648,0.7648,5.0315
7649,0.7649,4.9887
7650,0.765,5.011
7651,0.7651,5.0007
7652,0.7652,4.9894
7653,0.7653,5.0191
7654,0.7654,5.0017
7655,0.7655,4.9875
7656,0.7656,4.9955
7657,0.7657,5.0143
7658,0.7658,4.9828
7659,0.7659,5.0193
7660,0.766,5.0096
7661,0.7661,4.9961
7662,0.7662,5.019
7663,0.7663,5.0245
7664,0.7664,5.0084
7665,0.7665,5.0024
7666,0.7666,5.0259
7667,0.7667,5.021
7668,0.7668,4.987
7669,0.7669,4.9971
7670,0.767,4.997
7671,0.7671,4.9942
7672,0.7672,4.979
7673,0.7673,5.0127
7674,0.7674,5.0012
7675,0.7675,5.0014
7676,0.7676,5.0198
7677,0.7677,4.9921
7678,0.7678,4.9992
7679,0.7679,5.0038
7680,0.768,4.9939
7681,0.7681,4.9984
7682,0.7682,5.0108
7683,0.7683,4.9999
7684,0.7684,5.0187
7685,0.7685,4.9894
7686,0.7686,5.0028
7687,0.7687,4.9799
7688,0.7688,4.9983
7689,0.7689,4.9901
7690,0.769,5.0192
7691,0.7691,5.0105
7692,0.7692,5.0072
7693,0.7693,5.026
7694,0.7694,5.0203
7695,0.7695,5.0101
7696,0.7696,4.9903
7697,0.7697,4.9796
7698,0.7698,4.9996
7699,0.7699,4.995
7700,0.77,4.9909
7701,0.7701,4.9959
7702,0.7702,4.9766
7703,0.7703,5.021
7704,0.7704,4.9839
7705,0.7705,4.9905
7706,0.7706,5.008
7707,0.7707,4.977
7708,0.7708,5.013
7709,0.7709,5.0133
7710,0.771,4.9956
7711,0.7711,4.9848
7712,0.7712,4.9933
7713,0.7713,4.9738
7714,0.7714,5.0196
7715,0.7715,5.0008
7716,0.7716,4.9896
7717,0.7717,4.9872
7718,0.7718,5.0081
7719,0.7719,5.0213
7720,0.772,4.982
7721,0.7721,4.9919
7722,0.7722,4.9751
7723,0.7723,5.0096
7724,0.7724,5.0022
7725,0.7725,5.032
7726,0.7726,4.9983
7727,0.7727,4.9938
7728,0.7728,4.9899
7729,0.7729,5.0121
7730,0.773,4.9769
7731,0.7731,5.0106
7732,0.7732,5.0035
7733,0.7733,4.9928
7734,0.7734,4.9872
7735,0.7735,5.015
7736,0.7736,5.0264
7737,0.7737,4.9937
7738,0.7738,5.0075
7739,0.7739,5.0248
7740,0.774,4.9912
7741,0.7741,4.9964
7742,0.7742,4.9827
7743,0.7743,4.9979
7744,0.7744,4.9988
7745,0.7745,4.994
7746,0.7746,4.9895
7747,0.7747,4.9775
7748,0.7748,4.9809
7749,0.7749,4.9861
7750,0.775,5.0091
7751,0.7751,4.9927
7752,0.7752,4.9879
7753,0.7753,5.0093
7754,0.7754,5.008
7755,0.7755,4.9892
7756,0.7756,4.9911
7757,0.7757,5.0094
7758,0.7758,5.0052
7759,0.7759,4.9881
7760,0.776,5.0034
7761,0.7761,4.9996
7762,0.7762,5.0159
7763,0.7763,4.9876
7764,0.7764,5.0126
7765,0.7765,5.0062
7766,0.7766,4.9856
7767,0.7767,5.0151
7768,0.7768,5.013
7769,0.7769,4.9812
7770,0.777,5.0283
7771,0.7771,4.9836
7772,0.7772,4.9869
7773,0.7773,4.9954
7774,0.7774,5.011
7775,0.7775,5.0083
7776,0.7776,4.9986
7777,0.7777,5.0196
7778,0.7778,5.0058
7779,0.7779,5.02
7780,0.778,5.0404
7781,0.7781,5.0028
7782,0.7782,4.9631
7783,0.7783,4.9935
7784,0.7784,4.9845
7785,0.7785,5.0013
7786,0.7786,5.0014
7787,0.7787,4.9824
7788,0.7788,4.9834
7789,0.7789,4.9962
7790,0.779,4.9972
7791,0.7791,4.9625
7792,0.7792,5.014
7793,0.7793,5.0004
7794,0.7794,4.9999
7795,0.7795,5.0043
7796,0.7796,4.9852
7797,0.7797,4.9993
7798,0.7798,5.015
7799,0.7799,5.0156
7800,0.78,5.0067
7801,0.7801,4.996
7802,0.7802,4.9881
7803,0.7803,5.0191
7804,0.7804,5.0076
7805,0.7805,4.9939
7806,0.7806,4.9685
7807,0.7807,4.9874
7808,0.7808,4.9719
7809,0.7809,5.0181
7810,0.781,5.0027
7811,0.7811,4.9891
7812,0.7812,4.996
7813,0.7813,5.0379
7814,0.7814,5.0177
7815,0.7815,4.9804
7816,0.7816,4.9981
7817,0.7817,4.982
7818,0.7818,4.9748
7819,0.7819,5.0025
7820,0.782,5.0354
7821,0.7821,5.0229
7822,0.7822,5.0006
7823,0.7823,4.9945
7824,0.7824,5.003
7825,0.7825,5.0152
7826,0.7826,4.9785
7827,0.7827,4.9725
7828,0.7828,5.0277
7829,0.7829,5.0041
7830,0.783,5.0236
7831,0.7831,5.0035
7832,0.7832,5.0218
7833,0.7833,4.991
7834,0.7834,5.0073
7835,0.7835,5.0229
7836,0.7836,5.0151
7837,0.7837,4.9932
7838,0.7838,5.0132
7839,0.7839,4.9902
7840,0.784,4.9789
7841,0.7841,5.0077
7842,0.7842,5.0207
7843,0.7843,5.0126
7844,0.7844,4.9814
7845,0.7845,5.0129
7846,0.7846,5.0101
7847,0.7847,4.9932
7848,0.7848,4.9631
7849,0.7849,5.0151
7850,0.785,5.0132
7851,0.7851,5.0074
7852,0.7852,4.9743
7853,0.7853,4.9779
7854,0.7854,5.015
7855,0.7855,5.0119
7856,0.7856,5.0074
7857,0.7857,4.9963
7858,0.7858,5.0059
7859,0.7859,4.9919
7860,0.786,4.9953
7861,0.7861,4.9871
7862,0.7862,5.0038
7863,0.7863,4.9938
7864,0.7864,5.0142
7865,0.7865,5.0107
7866,0.7866,4.9879
7867,0.7867,5.0274
7868,0.7868,4.9833
7869,0.7869,5.0067
7870,0.787,5.0162
7871,0.7871,5.0191
7872,0.7872,4.967
7873,0.7873,5.015
7874,0.7874,5.0182
7875,0.7875,5.0215
7876,0.7876,4.9667
7877,0.7877,4.9899
7878,0.7878,4.9985
7879,0.7879,4.9933
7880,0.788,5.0201
7881,0.7881,4.9898
7882,0.7882,5.0184
7883,0.7883,5.0084
7884,0.7884,4.9782
7885,0.7885,4.9851
7886,0.7886,4.993
7887,0.7887,5.0014
7888,0.7888,5.0149
7889,0.7889,4.9973
7890,0.789,5.0136
7891,0.7891,4.9764
7892,0.7892,4.9543
7893,0.7893,4.9949
7894,0.7894,5.0069
7895,0.7895,4.9946
7896,0.7896,4.9849
7897,0.7897,5.0063
7898,0.7898,5.029
7899,0.7899,4.9984
7900,0.79,4.9891
7901,0.7901,4.9873
7902,0.7902,5.0295
7903,0.7903,4.9994
7904,0.7904,5.0092
7905,0.7905,5.0183
7906,0.7906,5.0162
7907,0.7907,4.9862
7908,0.7908,5.0143
7909,0.7909,5.0127
7910,0.791,5.0073
7911,0.7911,5.0151
7912,0.7912,4.9916
7913,0.7913,4.9989
7914,0.7914,4.9921
7915,0.7915,5.0114
7916,0.7916,4.9902
7917,0.7917,5.0059
7918,0.7918,4.9836
7919,0.7919,4.9982
7920,0.792,4.9946
7921,0.7921,4.9983
7922,0.7922,5.002
7923,0.7923,4.9972
7924,0.7924,4.9967
7925,0.7925,4.9689
7926,0.7926,5.0166
7927,0.7927,4.9907
7928,0.7928,4.9963
7929,0.7929,4.9876
7930,0.793,5.015
7931,0.7931,4.9864
7932,0.7932,5.0076
7933,0.7933,5.0177
7934,0.7934,5.0247
7935,0.7935,5.0178
7936,0.7936,5.0093
7937,0.7937,4.982
7938,0.7938,5.0194
7939,0.7939,5.0178
7940,0.794,5.0126
7941,0.7941,5.0121
7942,0.7942,5.0012
7943,0.7943,4.9923
7944,0.7944,5.0163
7945,0.7945,5.0191
7946,0.7946,4.9845
7947,0.7947,5.0138
7948,0.7948,5.0038
7949,0.7949,5.0134
7950,0.795,5.0042
7951,0.7951,5.0168
7952,0.7952,5.0155
7953,0.7953,5.0134
7954,0.7954,4.9795
7955,0.7955,5.0125
7956,0.7956,5.0009
7957,0.7957,4.9834
7958,0.7958,5.0108
7959,0.7959,4.9798
7960,0.796,5.0136
7961,0.7961,5.0255
7962,0.7962,4.9927
7963,0.7963,5.014
7964,0.7964,5.007
7965,0.7965,5.01
7966,0.7966,4.9801
7967,0.7967,5.0094
7968,0.7968,5.0023
7969,0.7969,5.0113
7970,0.797,5.0004
7971,0.7971,5.0166
7972,0.7972,5.0044
7973,0.7973,5.0105
7974,0.7974,5.0207
7975,0.7975,5.0031
7976,0.7976,5.0152
7977,0.7977,5.0038
7978,0.7978,5.0081
7979,0.7979,4.9926
7980,0.798,5.0119
7981,0.7981,5.0186
7982,0.7982,4.9992
7983,0.7983,5.0122
7984,0.7984,5.0068
7985,0.7985,4.984
7986,0.7986,5.0057
7987,0.7987,5.02
7988,0.7988,4.9933
7989,0.7989,4.9741
7990,0.799,5.0035
7991,0.7991,4.991
7992,0.7992,5.0286
7993,0.7993,4.9999
7994,0.7994,5.0004
7995,0.7995,4.9912
7996,0.7996,5.0042
7997,0.7997,4.9922
7998,0.7998,4.9872
7999,0.7999,4.9996
8000,0.8,4.9885
8001,0.8001,5.02
8002,0.8002,4.9833
8003,0.8003,4.9994
8004,0.8004,4.9904
8005,0.8005,4.9802
8006,0.8006,5.025
8007,0.8007,4.9695
8008,0.8008,5.0219
8009,0.8009,4.9797
8010,0.801,5.0019
8011,0.8011,5.0339
8012,0.8012,4.9692
8013,0.8013,4.9803
8014,0.8014,5.0198
8015,0.8015,5.0031
8016,0.8016,4.9925
8017,0.8017,5.0001
8018,0.8018,4.9863
8019,0.8019,5.0023
8020,0.802,5.0225
8021,0.8021,4.9949
8022,0.8022,5.0026
8023,0.8023,5.0182
8024,0.8024,5.0298
8025,0.8025,4.9919
8026,0.8026,5.005
8027,0.8027,4.9923
8028,0.8028,4.9911
8029,0.8029,4.9946
8030,0.803,4.9912
8031,0.8031,4.9751
8032,0.8032,4.9713
8033,0.8033,4.9898
8034,0.8034,5.0025
8035,0.8035,5.0184
8036,0.8036,4.9927
8037,0.8037,4.9981
8038,0.8038,5.0102
8039,0.8039,5.0114
8040,0.804,4.9988
8041,0.8041,4.9997
8042,0.8042,5.0281
8043,0.8043,4.9956
8044,0.8044,4.9933
8045,0.8045,4.9766
8046,0.8046,5.0069
8047,0.8047,4.9967
8048,0.8048,5.0286
8049,0.8049,4.9956
8050,0.805,5.0125
8051,0.8051,5.0142
8052,0.8052,5.0247
8053,0.8053,4.9813
8054,0.8054,5.0235
8055,0.8055,5.0007
8056,0.8056,4.999
8057,0.8057,4.996
8058,0.8058,4.9947
8059,0.8059,4.9955
8060,0.806,4.9663
8061,0.8061,5.008
8062,0.8062,5.0014
8063,0.8063,4.9866
8064,0.8064,4.9996
8065,0.8065,5.0343
8066,0.8066,5.0061
8067,0.8067,4.9948
8068,0.8068,5.0256
8069,0.8069,4.9889
8070,0.807,4.9983
8071,0.8071,4.9924
8072,0.8072,4.9971
8073,0.8073,5.0112
8074,0.8074,5.009
8075,0.8075,4.9898
8076,0.8076,4.9986
8077,0.8077,5.0018
8078,0.8078,4.9945
8079,0.8079,5.0
8080,0.808,4.9899
8081,0.8081,4.9897
8082,0.8082,5.0012
8083,0.8083,4.9854
8084,0.8084,5.0066
8085,0.8085,4.9977
8086,0.8086,4.987
8087,0.8087,4.9915
8088,0.8088,4.9935
8089,0.8089,4.9981
8090,0.809,5.0021
8091,0.8091,4.9974
8092,0.8092,4.9878
8093,0.8093,5.0214
8094,0.8094,5.0137
8095,0.8095,5.0021
8096,0.8096,5.0144
8097,0.8097,5.0052
8098,0.8098,4.9967
8099,0.8099,5.0017
8100,0.81,5.0393
8101,0.8101,5.0149
8102,0.8102,5.0156
8103,0.8103,4.9947
8104,0.8104,5.0092
8105,0.8105,5.0334
8106,0.8106,5.0067
8107,0.8107,5.0161
8108,0.8108,5.0188
8109,0.8109,5.0098
8110,0.811,5.0234
8111,0.8111,5.0038
8112,0.8112,5.0077
8113,0.8113,4.9913
8114,0.8114,5.0389
8115,0.8115,5.0049
8116,0.8116,5.002
8117,0.8117,5.0206
8118,0.8118,4.9933
8119,0.8119,5.0004
8120,0.812,4.9891
8121,0.8121,5.0008
8122,0.8122,4.9948
8123,0.8123,5.0083
8124,0.8124,4.9986
8125,0.8125,4.9917
8126,0.8126,4.9961
8127,0.8127,4.9987
8128,0.8128,4.993
8129,0.8129,5.014
8130,0.813,5.0102
8131,0.8131,5.0025
8132,0.8132,4.9831
8133,0.8133,5.0079
8134,0.8134,4.9819
8135,0.8135,5.0031
8136,0.8136,5.0011
8137,0.8137,4.9919
8138,0.8138,4.9884
8139,0.8139,4.9903
8140,0.814,5.0302
8141,0.8141,4.9966
8142,0.8142,4.9974
8143,0.8143,5.0143
8144,0.8144,5.0065
8145,0.8145,5.0157
8146,0.8146,4.9826
8147,0.8147,4.9846
8148,0.8148,5.0486
8149,0.8149,4.9998
8150,0.815,4.9962
8151,0.8151,5.0027
8152,0.8152,5.0148
8153,0.8153,4.9832
8154,0.8154,5.0045
8155,0.8155,5.0
8156,0.8156,5.0101
8157,0.8157,5.0029
8158,0.8158,4.9927
8159,0.8159,4.9879
8160,0.816,4.9652
8161,0.8161,5.0146
8162,0.8162,4.9791
8163,0.8163,4.9946
8164,0.8164,5.0244
8165,0.8165,4.9943
8166,0.8166,5.0092
8167,0.8167,4.9973
8168,0.8168,5.0105
8169,0.8169,5.0008
8170,0.817,4.993
8171,0.8171,5.0199
8172,0.8172,4.9966
8173,0.8173,4.9811
8174,0.8174,4.9956
8175,0.8175,5.0082
8176,0.8176,4.9843
8177,0.8177,5.0117
8178,0.8178,5.0114
8179,0.8179,5.031
8180,0.818,4.9911
8181,0.8181,5.0099
8182,0.8182,4.9763
8183,0.8183,4.9944
8184,0.8184,5.0019
8185,0.8185,5.0063
8186,0.8186,4.9996
8187,0.8187,4.9991
8188,0.8188,4.9915
8189,0.8189,4.994
8190,0.819,5.0048
8191,0.8191,5.0084
8192,0.8192,5.0096
8193,0.8193,5.0147
8194,0.8194,5.0175
8195,0.8195,4.9744
8196,0.8196,4.9929
8197,0.8197,4.9981
8198,0.8198,4.9911
8199,0.8199,5.0155
8200,0.82,5.0112
8201,0.8201,4.9988
8202,0.8202,5.0021
8203,0.8203,5.0186
8204,0.8204,4.9954
8205,0.8205,4.9959
8206,0.8206,5.0134
8207,0.8207,5.0071
8208,0.8208,5.0208
8209,0.8209,5.0057
8210,0.821,5.0112
8211,0.8211,4.9925
8212,0.8212,4.9869
8213,0.8213,5.0003
8214,0.8214,4.9622
8215,0.8215,5.0063
8216,0.8216,5.0143
8217,0.8217,5.0015
8218,0.8218,4.9972
8219,0.8219,5.016
8220,0.822,4.9998
8221,0.8221,5.0145
8222,0.8222,5.0319
8223,0.8223,5.0108
8224,0.8224,5.0139
8225,0.8225,5.0075
8226,0.8226,5.004
8227,0.8227,5.0044
8228,0.8228,5.0014
8229,0.8229,5.016
8230,0.823,4.9772
8231,0.8231,4.9966
8232,0.8232,5.0098
8233,0.8233,4.9883
8234,0.8234,4.9989
8235,0.8235,4.9904
8236,0.8236,5.0067
8237,0.8237,5.0128
8238,0.8238,5.0213
8239,0.8239,5.0076
8240,0.824,4.9901
8241,0.8241,5.004
8242,0.8242,5.0086
8243,0.8243,5.0206
8244,0.8244,4.9696
8245,0.8245,5.0057
8246,0.8246,4.9742
8247,0.8247,5.0107
8248,0.8248,5.0068
8249,0.8249,5.0076
8250,0.825,5.0131
8251,0.8251,5.0059
8252,0.8252,4.9911
8253,0.8253,5.0054
8254,0.8254,5.0176
8255,0.8255,4.9987
8256,0.8256,5.0008
8257,0.8257,4.983
8258,0.8258,5.017
8259,0.8259,4.9932
8260,0.826,4.9898
8261,0.8261,4.994
8262,0.8262,4.9881
8263,0.8263,4.9968
8264,0.8264,5.0187
8265,0.8265,5.0118
8266,0.8266,5.0208
8267,0.8267,5.0217
8268,0.8268,4.9876
8269,0.8269,5.0073
8270,0.827,5.0219
8271,0.8271,5.0333
8272,0.8272,4.9801
8273,0.8273,4.98
8274,0.8274,5.0071
8275,0.8275,4.9956
8276,0.8276,4.9862
8277,0.8277,5.0058
8278,0.8278,4.9891
8279,0.8279,4.9679
8280,0.828,5.0
8281,0.8281,5.0022
8282,0.8282,5.0095
8283,0.8283,5.0138
8284,0.8284,5.003
8285,0.8285,4.997
8286,0.8286,4.9908
8287,0.8287,4.9768
8288,0.8288,4.9941
8289,0.8289,5.0146
8290,0.829,5.0097
8291,0.8291,5.0297
8292,0.8292,4.9982
8293,0.8293,4.9748
8294,0.8294,5.0122
8295,0.8295,5.0152
8296,0.8296,4.9836
8297,0.8297,4.9772
8298,0.8298,5.0025
8299,0.8299,5.0105
8300,0.83,4.9843
8301,0.8301,4.9955
8302,0.8302,4.9892
8303,0.8303,4.9834
8304,0.8304,4.9815
8305,0.8305,5.0023
8306,0.8306,4.995
8307,0.8307,4.9907
8308,0.8308,4.9629
8309,0.8309,5.0253
8310,0.831,4.9868
8311,0.8311,4.9983
8312,0.8312,4.984
8313,0.8313,5.0057
8314,0.8314,4.9786
8315,0.8315,5.0016
8316,0.8316,4.9976
8317,0.8317,5.0134
8318,0.8318,4.9845
8319,0.8319,4.9909
8320,0.832,4.9969
8321,0.8321,5.0302
8322,0.8322,4.9791
8323,0.8323,5.0044
8324,0.8324,4.9908
8325,0.8325,5.0047
8326,0.8326,5.0096
8327,0.8327,5.0022
8328,0.8328,5.004
8329,0.8329,5.0042
8330,0.833,4.9918
8331,0.8331,4.9971
8332,0.8332,4.9764
8333,0.8333,4.9951
8334,0.8334,4.9892
8335,0.8335,4.9965
8336,0.8336,5.0107
8337,0.8337,5.0056
8338,0.8338,5.0069
8339,0.8339,5.0159
8340,0.834,4.966
8341,0.8341,5.0063
8342,0.8342,4.9998
8343,0.8343,4.9987
8344,0.8344,4.9814
8345,0.8345,5.008
8346,0.8346,5.0166
8347,0.8347,5.0148
8348,0.8348,4.9989
8349,0.8349,5.0092
8350,0.835,5.0133
8351,0.8351,5.0262
8352,0.8352,5.0177
8353,0.8353,5.0021
8354,0.8354,5.0014
8355,0.8355,5.0025
8356,0.8356,5.0033
8357,0.8357,4.993
8358,0.8358,5.0111
8359,0.8359,4.9902
8360,0.836,4.9886
8361,0.8361,5.0052
8362,0.8362,4.9919
8363,0.8363,4.9966
8364,0.8364,4.9703
8365,0.8365,5.0114
8366,0.8366,5.0
8367,0.8367,4.9982
8368,0.8368,5.0067
8369,0.8369,5.0031
8370,0.837,4.99
8371,0.8371,5.0288
8372,0.8372,4.9936
8373,0.8373,5.014
8374,0.8374,5.0262
8375,0.8375,4.9912
8376,0.8376,5.0014
8377,0.8377,4.9883
8378,0.8378,5.0151
8379,0.8379,4.9953
8380,0.838,4.9843
8381,0.8381,5.0189
8382,0.8382,5.0132
8383,0.8383,4.9873
8384,0.8384,5.017
8385,0.8385,5.0028
8386,0.8386,5.0389
8387,0.8387,5.0246
8388,0.8388,4.9921
8389,0.8389,4.9962
8390,0.839,4.9875
8391,0.8391,5.0019
8392,0.8392,5.0007
8393,0.8393,5.0106
8394,0.8394,5.0013
8395,0.8395,4.979
8396,0.8396,4.9884
8397,0.8397,5.0203
8398,0.8398,5.0166
8399,0.8399,4.9977
8400,0.84,4.9981
8401,0.8401,4.9976
8402,0.8402,5.0003
8403,0.8403,4.976
8404,0.8404,5.0128
8405,0.8405,4.9906
8406,0.8406,5.0021
8407,0.8407,4.9638
8408,0.8408,5.0034
8409,0.8409,5.0192
8410,0.841,4.968
8411,0.8411,5.0218
8412,0.8412,5.0068
8413,0.8413,4.9895
8414,0.8414,4.9773
8415,0.8415,5.0167
8416,0.8416,5.0037
8417,0.8417,5.0085
8418,0.8418,4.9961
8419,0.8419,4.9886
8420,0.842,5.0125
8421,0.8421,4.9863
8422,0.8422,5.0129
8423,0.8423,4.9761
8424,0.8424,4.9867
8425,0.8425,4.9792
8426,0.8426,5.0188
8427,0.8427,4.9749
8428,0.8428,4.9837
8429,0.8429,5.0095
8430,0.843,5.0033
8431,0.8431,5.0314
8432,0.8432,5.0264
8433,0.8433,5.0088
8434,0.8434,5.0099
8435,0.8435,4.9738
8436,0.8436,4.9874
8437,0.8437,4.9953
8438,0.8438,4.9975
8439,0.8439,4.9803
8440,0.844,4.9866
8441,0.8441,4.9878
8442,0.8442,5.0152
8443,0.8443,5.0061
8444,0.8444,4.9952
8445,0.8445,4.996
8446,0.8446,5.0042
8447,0.8447,4.99
8448,0.8448,4.9962
8449,0.8449,4.9753
8450,0.845,5.0096
8451,0.8451,5.0138
8452,0.8452,5.0052
8453,0.8453,5.0068
8454,0.8454,5.0052
8455,0.8455,5.0293
8456,0.8456,5.0029
8457,0.8457,4.981
8458,0.8458,4.9849
8459,0.8459,5.0102
8460,0.846,5.0153
8461,0.8461,5.0111
8462,0.8462,5.012
8463,0.8463,5.0027
8464,0.8464,4.9786
8465,0.8465,4.9898
8466,0.8466,4.974
8467,0.8467,4.9944
8468,0.8468,4.9804
8469,0.8469,5.0014
8470,0.847,4.9975
8471,0.8471,4.972
8472,0.8472,5.0105
8473,0.8473,5.0109
8474,0.8474,4.98
8475,0.8475,5.002
8476,0.8476,5.0103
8477,0.8477,4.9958
8478,0.8478,5.0122
8479,0.8479,5.0026
8480,0.848,5.0154
8481,0.8481,5.0026
8482,0.8482,4.9975
8483,0.8483,5.0073
8484,0.8484,5.0112
8485,0.8485,5.0035
8486,0.8486,4.9934
8487,0.8487,4.9885
8488,0.8488,4.9945
8489,0.8489,4.9916
8490,0.849,5.0028
8491,0.8491,5.0023
8492,0.8492,4.9986
8493,0.8493,4.9998
8494,0.8494,5.0023
8495,0.8495,5.0224
8496,0.8496,5.0172
8497,0.8497,4.9915
8498,0.8498,5.0059
8499,0.8499,4.9951
8500,0.85,4.9984
8501,0.8501,4.9963
8502,0.8502,4.9908
8503,0.8503,4.9801
8504,0.8504,4.9642
8505,0.8505,5.0027
8506,0.8506,5.0169
8507,0.8507,4.9867
8508,0.8508,5.0071
8509,0.8509,4.9942
8510,0.851,5.0038
8511,0.8511,4.9881
8512,0.8512,4.9964
8513,0.8513,4.9981
8514,0.8514,4.9654
8515,0.8515,5.0029
8516,0.8516,4.9977
8517,0.8517,4.9638
8518,0.8518,5.0091
8519,0.8519,4.9992
8520,0.852,5.0027
8521,0.8521,5.0049
8522,0.8522,4.9937
8523,0.8523,4.9841
8524,0.8524,4.9932
8525,0.8525,4.9935
8526,0.8526,5.0318
8527,0.8527,5.0264
8528,0.8528,4.9926
8529,0.8529,4.9937
8530,0.853,5.0043
8531,0.8531,5.0078
8532,0.8532,4.9896
8533,0.8533,4.9851
8534,0.8534,5.0277
8535,0.8535,5.015
8536,0.8536,4.9771
8537,0.8537,4.974
8538,0.8538,4.9876
8539,0.8539,5.0028
8540,0.854,5.0076
8541,0.8541,4.9947
8542,0.8542,4.9761
8543,0.8543,5.0028
8544,0.8544,5.0083
8545,0.8545,4.9996
8546,0.8546,4.9924
8547,0.8547,5.0079
8548,0.8548,4.9988
8549,0.8549,4.9833
8550,0.855,5.0009
8551,0.8551,4.9807
8552,0.8552,5.0136
8553,0.8553,5.0064
8554,0.8554,4.985
8555,0.8555,5.0026
8556,0.8556,5.0178
8557,0.8557,4.9683
8558,0.8558,4.9975
8559,0.8559,5.0236
8560,0.856,4.9769
8561,0.8561,4.9971
8562,0.8562,4.9788
8563,0.8563,4.9986
8564,0.8564,4.9645
8565,0.8565,4.9758
8566,0.8566,4.9917
8567,0.8567,5.0016
8568,0.8568,5.0051
8569,0.8569,5.0058
8570,0.857,5.0164
8571,0.8571,5.0098
8572,0.8572,5.0104
8573,0.8573,4.9852
8574,0.8574,4.9973
8575,0.8575,5.0462
8576,0.8576,5.0328
8577,0.8577,5.0117
8578,0.8578,5.0104
8579,0.8579,5.0141
8580,0.858,4.9936
8581,0.8581,5.0283
8582,0.8582,4.994
8583,0.8583,4.9983
8584,0.8584,5.0315
8585,0.8585,4.969
8586,0.8586,5.0049
8587,0.8587,4.9742
8588,0.8588,4.9899
8589,0.8589,4.9982
8590,0.859,4.9944
8591,0.8591,5.0021
8592,0.8592,4.9882
8593,0.8593,4.998
8594,0.8594,4.9821
8595,0.8595,4.9938
8596,0.8596,4.9791
8597,0.8597,5.0092
8598,0.8598,4.9804
8599,0.8599,5.0098
8600,0.86,4.9934
8601,0.8601,4.9951
8602,0.8602,5.017
8603,0.8603,5.0012
8604,0.8604,4.9715
8605,0.8605,5.0069
8606,0.8606,4.9567
8607,0.8607,5.0035
8608,0.8608,4.9936
8609,0.8609,4.9788
8610,0.861,5.0007
8611,0.8611,4.995
8612,0.8612,5.0293
8613,0.8613,4.9931
8614,0.8614,5.0283
8615,0.8615,5.0201
8616,0.8616,4.9905
8617,0.8617,4.9874
8618,0.8618,5.0191
8619,0.8619,4.9975
8620,0.862,5.0019
8621,0.8621,4.9958
8622,0.8622,4.9816
8623,0.8623,4.994
8624,0.8624,4.9853
8625,0.8625,4.9768
8626,0.8626,4.9952
8627,0.8627,5.0261
8628,0.8628,5.0236
8629,0.8629,4.9986
8630,0.863,5.0016
8631,0.8631,5.0072
8632,0.8632,5.0198
8633,0.8633,5.0043
8634,0.8634,4.9924
8635,0.8635,4.9937
8636,0.8636,5.0164
8637,0.8637,5.0383
8638,0.8638,4.9902
8639,0.8639,4.969
8640,0.864,5.0116
8641,0.8641,4.9984
8642,0.8642,5.0016
8643,0.8643,5.018
8644,0.8644,5.0006
8645,0.8645,4.9798
8646,0.8646,4.9703
8647,0.8647,4.9989
8648,0.8648,4.9823
8649,0.8649,5.0039
8650,0.865,4.9805
8651,0.8651,4.9943
8652,0.8652,4.9776
8653,0.8653,4.9941
8654,0.8654,4.9929
8655,0.8655,5.0085
8656,0.8656,5.0196
8657,0.8657,4.9968
8658,0.8658,4.9867
8659,0.8659,5.0288
8660,0.866,5.005
8661,0.8661,5.0087
8662,0.8662,5.0087
8663,0.8663,5.0213
8664,0.8664,5.0147
8665,0.8665,5.0097
8666,0.8666,5.0111
8667,0.8667,4.9868
8668,0.8668,4.9905
8669,0.8669,4.998
8670,0.867,5.001
8671,0.8671,4.9999
8672,0.8672,5.0042
8673,0.8673,5.0
8674,0.8674,4.9932
8675,0.8675,4.9753
8676,0.8676,5.0121
8677,0.8677,5.0084
8678,0.8678,4.9865
8679,0.8679,5.0071
8680,0.868,5.0055
8681,0.8681,5.0007
8682,0.8682,4.9721
8683,0.8683,4.9816
8684,0.8684,4.9906
8685,0.8685,5.0238
8686,0.8686,4.9868
8687,0.8687,4.9944
8688,0.8688,4.983
8689,0.8689,4.9922
8690,0.869,5.0047
8691,0.8691,4.9686
8692,0.8692,4.9571
8693,0.8693,5.0095
8694,0.8694,5.0001
8695,0.8695,4.9906
8696,0.8696,5.0141
8697,0.8697,5.0141
8698,0.8698,4.9682
8699,0.8699,4.9971
8700,0.87,5.0162
8701,0.8701,4.9896
8702,0.8702,4.9949
8703,0.8703,5.0139
8704,0.8704,4.9956
8705,0.8705,4.9817
8706,0.8706,4.9893
8707,0.8707,4.9797
8708,0.8708,5.0079
8709,0.8709,4.9738
8710,0.871,5.0146
8711,0.8711,4.975
8712,0.8712,5.0003
8713,0.8713,4.9776
8714,0.8714,4.9949
8715,0.8715,5.0149
8716,0.8716,5.0164
8717,0.8717,5.0192
8718,0.8718,4.9983
8719,0.8719,5.0012
8720,0.872,5.0031
8721,0.8721,5.0088
8722,0.8722,4.9936
8723,0.8723,5.0161
8724,0.8724,5.0045
8725,0.8725,5.0168
8726,0.8726,5.0068
8727,0.8727,5.0098
8728,0.8728,4.9887
8729,0.8729,4.9934
8730,0.873,4.9802
8731,0.8731,4.9952
8732,0.8732,4.997
8733,0.8733,5.0121
8734,0.8734,4.9807
8735,0.8735,5.0481
8736,0.8736,4.9978
8737,0.8737,5.0185
8738,0.8738,5.0152
8739,0.8739,4.9618
8740,0.874,4.9957
8741,0.8741,5.0217
8742,0.8742,4.9632
8743,0.8743,5.0111
8744,0.8744,4.9859
8745,0.8745,4.9926
8746,0.8746,5.003
8747,0.8747,4.9716
8748,0.8748,5.0025
8749,0.8749,4.9899
8750,0.875,4.9884
8751,0.8751,5.0101
8752,0.8752,5.0522
8753,0.8753,5.0047
8754,0.8754,5.0079
8755,0.8755,4.9988
8756,0.8756,4.9887
8757,0.8757,5.0035
8758,0.8758,5.0224
8759,0.8759,5.0024
8760,0.876,5.0129
8761,0.8761,4.9962
8762,0.8762,5.0374
8763,0.8763,4.9748
8764,0.8764,5.0083
8765,0.8765,5.0077
8766,0.8766,5.0035
8767,0.8767,4.9828
8768,0.8768,4.9825
8769,0.8769,4.996
8770,0.877,5.001
8771,0.8771,4.9813
8772,0.8772,4.9835
8773,0.8773,5.0079
8774,0.8774,5.015
8775,0.8775,4.9911
8776,0.8776,4.989
8777,0.8777,4.9886
8778,0.8778,5.0367
8779,0.8779,5.0068
8780,0.878,4.9985
8781,0.8781,5.0146
8782,0.8782,5.0339
8783,0.8783,5.017
8784,0.8784,4.978
8785,0.8785,4.9982
8786,0.8786,4.9934
8787,0.8787,4.9943
8788,0.8788,4.9812
8789,0.8789,4.9936
8790,0.879,4.9832
8791,0.8791,5.0045
8792,0.8792,5.0001
8793,0.8793,4.9782
8794,0.8794,4.9738
8795,0.8795,4.9922
8796,0.8796,5.0092
8797,0.8797,5.0069
8798,0.8798,4.9984
8799,0.8799,4.9498
8800,0.88,4.992
8801,0.8801,4.9883
8802,0.8802,4.9944
8803,0.8803,4.9811
8804,0.8804,4.9929
8805,0.8805,4.9894
8806,0.8806,5.0402
8807,0.8807,5.01
8808,0.8808,4.9965
8809,0.8809,4.9987
8810,0.881,4.9976
8811,0.8811,5.0022
8812,0.8812,4.9933
8813,0.8813,4.9991
8814,0.8814,5.0148
8815,0.8815,5.0119
8816,0.8816,5.004
8817,0.8817,5.0194
8818,0.8818,5.0028
8819,0.8819,4.9846
8820,0.882,4.9731
8821,0.8821,4.9889
8822,0.8822,4.9985
8823,0.8823,5.0054
8824,0.8824,5.0156
8825,0.8825,4.9908
8826,0.8826,4.9873
8827,0.8827,5.011
8828,0.8828,5.0171
8829,0.8829,4.9922
8830,0.883,5.0045
8831,0.8831,5.0201
8832,0.8832,5.0042
8833,0.8833,4.9986
8834,0.8834,4.9681
8835,0.8835,5.0193
8836,0.8836,5.0091
8837,0.8837,5.0013
8838,0.8838,4.9924
8839,0.8839,4.9806
8840,0.884,4.9979
8841,0.8841,4.9978
8842,0.8842,5.0159
8843,0.8843,4.9812
8844,0.8844,5.0211
8845,0.8845,4.9999
8846,0.8846,5.0173
8847,0.8847,4.9848
8848,0.8848,5.0046
8849,0.8849,5.0178
8850,0.885,5.0011
8851,0.8851,4.9773
8852,0.8852,4.9944
8853,0.8853,5.0074
8854,0.8854,4.9784
8855,0.8855,4.9777
8856,0.8856,5.0029
8857,0.8857,4.9851
8858,0.8858,5.0096
8859,0.8859,4.9817
8860,0.886,4.9718
8861,0.8861,4.9877
8862,0.8862,5.0218
8863,0.8863,4.9864
8864,0.8864,4.9993
8865,0.8865,5.0031
8866,0.8866,4.9851
8867,0.8867,5.0158
8868,0.8868,5.0021
8869,0.8869,5.0061
8870,0.887,4.9741
8871,0.8871,4.9731
8872,0.8872,4.958
8873,0.8873,4.9966
8874,0.8874,4.996
8875,0.8875,5.0103
8876,0.8876,5.0217
8877,0.8877,4.9956
8878,0.8878,4.9954
8879,0.8879,5.0062
8880,0.888,5.0224
8881,0.8881,4.9871
8882,0.8882,5.0088
8883,0.8883,4.9957
8884,0.8884,4.9944
8885,0.8885,5.0117
8886,0.8886,4.9876
8887,0.8887,4.9834
8888,0.8888,5.0094
8889,0.8889,4.9991
8890,0.889,4.9955
8891,0.8891,4.9974
8892,0.8892,5.0069
8893,0.8893,4.9939
8894,0.8894,5.0109
8895,0.8895,5.0057
8896,0.8896,5.0217
8897,0.8897,5.0185
8898,0.8898,5.0123
8899,0.8899,4.9964
8900,0.89,5.0012
8901,0.8901,4.9906
8902,0.8902,5.0423
8903,0.8903,4.9961
8904,0.8904,5.0078
8905,0.8905,5.0199
8906,0.8906,4.979
8907,0.8907,4.9871
8908,0.8908,4.9936
8909,0.8909,4.9846
8910,0.891,4.9805
8911,0.8911,4.9917
8912,0.8912,5.0189
8913,0.8913,5.0104
8914,0.8914,5.0
8915,0.8915,4.9999
8916,0.8916,4.9746
8917,0.8917,5.01
8918,0.8918,5.0059
8919,0.8919,4.9833
8920,0.892,5.0026
8921,0.8921,4.9966
8922,0.8922,4.9917
8923,0.8923,4.9847
8924,0.8924,4.9894
8925,0.8925,4.9854
8926,0.8926,5.0065
8927,0.8927,5.005
8928,0.8928,5.0044
8929,0.8929,4.9968
8930,0.893,4.9934
8931,0.8931,5.0302
8932,0.8932,4.9716
8933,0.8933,5.0175
8934,0.8934,5.0048
8935,0.8935,5.0006
8936,0.8936,4.9919
8937,0.8937,4.9963
8938,0.8938,4.9818
8939,0.8939,4.9787
8940,0.894,4.9979
8941,0.8941,4.9747
8942,0.8942,5.0121
8943,0.8943,5.0163
8944,0.8944,4.9479
8945,0.8945,4.9763
8946,0.8946,5.0036
8947,0.8947,5.0027
8948,0.8948,5.0012
8949,0.8949,5.0059
8950,0.895,5.0108
8951,0.8951,5.0126
8952,0.8952,5.0264
8953,0.8953,5.0
8954,0.8954,5.0125
8955,0.8955,4.9752
8956,0.8956,4.9976
8957,0.8957,4.9813
8958,0.8958,5.0205
8959,0.8959,5.0346
8960,0.896,5.0077
8961,0.8961,4.9801
8962,0.8962,4.9979
8963,0.8963,5.0001
8964,0.8964,5.0026
8965,0.8965,5.016
8966,0.8966,5.0139
8967,0.8967,4.9599
8968,0.8968,5.0201
8969,0.8969,4.9922
8970,0.897,4.9912
8971,0.8971,5.0209
8972,0.8972,4.9956
8973,0.8973,4.9791
8974,0.8974,4.9798
8975,0.8975,5.0005
8976,0.8976,5.0133
8977,0.8977,5.0222
8978,0.8978,4.9971
8979,0.8979,4.9926
8980,0.898,5.024
8981,0.8981,4.9928
8982,0.8982,5.0215
8983,0.8983,5.0032
8984,0.8984,5.0032
8985,0.8985,4.9961
8986,0.8986,5.0041
8987,0.8987,4.9927
8988,0.8988,4.9895
8989,0.8989,4.9976
8990,0.899,4.9899
8991,0.8991,5.0042
8992,0.8992,5.0009
8993,0.8993,4.9957
8994,0.8994,4.9967
8995,0.8995,4.9962
8996,0.8996,5.0257
8997,0.8997,4.9995
8998,0.8998,4.9907
8999,0.8999,4.9952
9000,0.9,5.0096
9001,0.9001,4.9966
9002,0.9002,4.9974
9003,0.9003,4.9958
9004,0.9004,5.0021
9005,0.9005,5.0055
9006,0.9006,5.0063
9007,0.9007,4.9751
9008,0.9008,4.9836
9009,0.9009,4.9602
9010,0.901,5.0117
9011,0.9011,5.0163
9012,0.9012,5.0191
9013,0.9013,5.0018
9014,0.9014,5.0169
9015,0.9015,4.9991
9016,0.9016,4.9978
9017,0.9017,4.9765
9018,0.9018,4.9879
9019,0.9019,4.9908
9020,0.902,5.0134
9021,0.9021,5.0245
9022,0.9022,4.9926
9023,0.9023,5.0052
9024,0.9024,5.0038
9025,0.9025,4.988
9026,0.9026,4.9738
9027,0.9027,4.9883
9028,0.9028,4.9781
9029,0.9029,4.9949
9030,0.903,4.9975
9031,0.9031,4.9969
9032,0.9032,4.9971
9033,0.9033,5.0069
9034,0.9034,4.9857
9035,0.9035,5.0129
9036,0.9036,4.9746
9037,0.9037,5.0005
9038,0.9038,5.0054
9039,0.9039,4.9877
9040,0.904,4.9757
9041,0.9041,5.0092
9042,0.9042,4.9895
9043,0.9043,5.0113
9044,0.9044,5.0111
9045,0.9045,4.9995
9046,0.9046,4.9996
9047,0.9047,5.0144
9048,0.9048,5.0052
9049,0.9049,4.9856
9050,0.905,5.0021
9051,0.9051,5.0079
9052,0.9052,5.0026
9053,0.9053,5.0024
9054,0.9054,4.9974
9055,0.9055,4.9978
9056,0.9056,4.9856
9057,0.9057,4.9782
9058,0.9058,5.0164
9059,0.9059,4.9901
9060,0.906,5.0029
9061,0.9061,4.9772
9062,0.9062,5.002
9063,0.9063,4.9872
9064,0.9064,5.0439
9065,0.9065,4.9844
9066,0.9066,4.9852
9067,0.9067,5.0137
9068,0.9068,5.0166
9069,0.9069,4.9681
9070,0.907,5.0034
9071,0.9071,5.0127
9072,0.9072,4.9813
9073,0.9073,5.0098
9074,0.9074,4.9917
9075,0.9075,4.9847
9076,0.9076,4.9943
9077,0.9077,4.9927
9078,0.9078,4.9788
9079,0.9079,5.0329
9080,0.908,4.9928
9081,0.9081,4.9884
9082,0.9082,5.0123
9083,0.9083,4.9985
9084,0.9084,5.0195
9085,0.9085,4.9956
9086,0.9086,5.0048
9087,0.9087,5.001
9088,0.9088,5.0021
9089,0.9089,4.9965
9090,0.909,4.998
9091,0.9091,5.0245
9092,0.9092,4.9894
9093,0.9093,4.9914
9094,0.9094,4.9944
9095,0.9095,5.0081
9096,0.9096,5.0055
9097,0.9097,5.0135
9098,0.9098,4.9796
9099,0.9099,5.0034
9100,0.91,4.9969
9101,0.9101,4.9953
9102,0.9102,5.002
9103,0.9103,4.9703
9104,0.9104,5.0036
9105,0.9105,5.0017
9106,0.9106,4.9783
9107,0.9107,4.9982
9108,0.9108,5.0226
9109,0.9109,4.9938
9110,0.911,5.0084
9111,0.9111,4.9962
9112,0.9112,4.9875
9113,0.9113,4.9859
9114,0.9114,4.9937
9115,0.9115,5.0189
9116,0.9116,5.0117
9117,0.9117,4.9891
9118,0.9118,5.0144
9119,0.9119,4.9977
9120,0.912,4.9893
9121,0.9121,5.006
9122,0.9122,4.986
9123,0.9123,4.9762
9124,0.9124,5.0188
9125,0.9125,4.9724
9126,0.9126,5.0076
9127,0.9127,4.9769
9128,0.9128,4.9991
9129,0.9129,4.9966
9130,0.913,4.9931
9131,0.9131,4.9671
9132,0.9132,4.998
9133,0.9133,4.999
9134,0.9134,4.9863
9135,0.9135,4.9986
9136,0.9136,5.0143
9137,0.9137,4.9889
9138,0.9138,5.0034
9139,0.9139,4.9825
9140,0.914,5.0053
9141,0.9141,5.0091
9142,0.9142,5.0364
9143,0.9143,5.013
9144,0.9144,5.006
9145,0.9145,5.0205
9146,0.9146,4.9849
9147,0.9147,5.0155
9148,0.9148,4.9915
9149,0.9149,4.9905
9150,0.915,5.0158
9151,0.9151,5.0031
9152,0.9152,5.0193
9153,0.9153,4.9782
9154,0.9154,5.0037
9155,0.9155,4.9919
9156,0.9156,4.9957
9157,0.9157,4.9714
9158,0.9158,5.0135
9159,0.9159,5.0028
9160,0.916,4.9851
9161,0.9161,4.9798
9162,0.9162,4.9868
9163,0.9163,5.0203
9164,0.9164,4.9982
9165,0.9165,4.9948
9166,0.9166,5.007
9167,0.9167,4.9999
9168,0.9168,5.0031
9169,0.9169,5.0107
9170,0.917,5.0046
9171,0.9171,5.0127
9172,0.9172,4.9822
9173,0.9173,5.0007
9174,0.9174,4.9945
9175,0.9175,5.0014
9176,0.9176,4.9992
9177,0.9177,4.9904
9178,0.9178,4.9947
9179,0.9179,5.0138
9180,0.918,4.9917
9181,0.9181,4.9815
9182,0.9182,5.0086
9183,0.9183,5.0142
9184,0.9184,4.9959
9185,0.9185,5.0017
9186,0.9186,4.9875
9187,0.9187,4.9969
9188,0.9188,5.0162
9189,0.9189,5.0117
9190,0.919,5.0021
9191,0.9191,4.9959
9192,0.9192,4.976
9193,0.9193,5.0046
9194,0.9194,5.0067
9195,0.9195,5.0154
9196,0.9196,5.0296
9197,0.9197,5.0055
9198,0.9198,5.014
9199,0.9199,4.9836
9200,0.92,5.0177
9201,0.9201,5.0127
9202,0.9202,5.02
9203,0.9203,5.0099
9204,0.9204,5.0066
9205,0.9205,5.0217
9206,0.9206,4.9903
9207,0.9207,5.0095
9208,0.9208,5.0159
9209,0.9209,4.9885
9210,0.921,4.9831
9211,0.9211,5.0064
9212,0.9212,5.0019
9213,0.9213,5.009
9214,0.9214,5.0095
9215,0.9215,4.9889
9216,0.9216,5.005
9217,0.9217,5.0166
9218,0.9218,4.9949
9219,0.9219,4.996
9220,0.922,4.9836
9221,0.9221,5.0121
9222,0.9222,5.0287
9223,0.9223,4.9801
9224,0.9224,5.0113
9225,0.9225,5.0134
9226,0.9226,4.992
9227,0.9227,4.9947
9228,0.9228,4.9849
9229,0.9229,4.9887
9230,0.923,5.0026
9231,0.9231,5.0097
9232,0.9232,5.0019
9233,0.9233,5.0127
9234,0.9234,5.0032
9235,0.9235,4.9831
9236,0.9236,5.0215
9237,0.9237,5.0176
9238,0.9238,4.9899
9239,0.9239,5.0262
9240,0.924,5.0071
9241,0.9241,5.0022
9242,0.9242,5.0283
9243,0.9243,4.9638
9244,0.9244,4.9768
9245,0.9245,5.0107
9246,0.9246,4.9967
9247,0.9247,4.9865
9248,0.9248,5.0224
9249,0.9249,5.0074
9250,0.925,4.9817
9251,0.9251,4.9907
9252,0.9252,5.0127
9253,0.9253,5.0265
9254,0.9254,4.9711
9255,0.9255,5.004
9256,0.9256,4.9948
9257,0.9257,4.9748
9258,0.9258,4.998
9259,0.9259,4.9769
9260,0.926,4.9925
9261,0.9261,5.0241
9262,0.9262,5.0079
9263,0.9263,5.0118
9264,0.9264,5.0092
9265,0.9265,5.0056
9266,0.9266,5.0147
9267,0.9267,4.9834
9268,0.9268,4.9952
9269,0.9269,5.0129
9270,0.927,4.9898
9271,0.9271,4.9941
9272,0.9272,5.0181
9273,0.9273,5.0229
9274,0.9274,4.9916
9275,0.9275,4.9886
9276,0.9276,5.0091
9277,0.9277,5.0045
9278,0.9278,4.9907
9279,0.9279,5.0093
9280,0.928,5.0087
9281,0.9281,5.0017
9282,0.9282,5.0436
9283,0.9283,5.0205
9284,0.9284,5.0125
9285,0.9285,5.0156
9286,0.9286,5.0439
9287,0.9287,5.0167
9288,0.9288,4.9901
9289,0.9289,5.0053
9290,0.929,5.0017
9291,0.9291,4.9923
9292,0.9292,5.0044
9293,0.9293,5.0043
9294,0.9294,4.9998
9295,0.9295,4.9935
9296,0.9296,5.0128
9297,0.9297,4.9772
9298,0.9298,5.0127
9299,0.9299,5.0008
9300,0.93,5.0046
9301,0.9301,4.9658
9302,0.9302,5.0253
9303,0.9303,4.9753
9304,0.9304,4.988
9305,0.9305,5.0101
9306,0.9306,4.9917
9307,0.9307,4.9947
9308,0.9308,4.9679
9309,0.9309,4.9942
9310,0.931,5.0038
9311,0.9311,5.0106
9312,0.9312,4.9964
9313,0.9313,5.0039
9314,0.9314,5.0071
9315,0.9315,4.9908
9316,0.9316,4.9896
9317,0.9317,5.0294
9318,0.9318,4.9882
9319,0.9319,5.0188
9320,0.932,5.0017
9321,0.9321,5.0223
9322,0.9322,4.9913
9323,0.9323,5.0083
9324,0.9324,5.0055
9325,0.9325,4.9973
9326,0.9326,5.0052
9327,0.9327,4.9894
9328,0.9328,4.9995
9329,0.9329,4.9948
9330,0.933,5.0119
9331,0.9331,4.9993
9332,0.9332,4.9802
9333,0.9333,4.9952
9334,0.9334,4.9992
9335,0.9335,4.9874
9336,0.9336,5.0202
9337,0.9337,5.0066
9338,0.9338,5.0131
9339,0.9339,4.9894
9340,0.934,4.9948
9341,0.9341,5.0155
9342,0.9342,4.9796
9343,0.9343,5.0061
9344,0.9344,5.002
9345,0.9345,4.9933
9346,0.9346,5.002
9347,0.9347,4.9849
9348,0.9348,5.004
9349,0.9349,4.9828
9350,0.935,4.9819
9351,0.9351,5.0213
9352,0.9352,4.9904
9353,0.9353,4.9696
9354,0.9354,5.015
9355,0.9355,4.9893
9356,0.9356,4.9488
9357,0.9357,4.9998
9358,0.9358,5.0143
9359,0.9359,5.0059
9360,0.936,5.026
9361,0.9361,4.9988
9362,0.9362,5.0095
9363,0.9363,4.9858
9364,0.9364,5.0031
9365,0.9365,5.0233
9366,0.9366,5.0081
9367,0.9367,5.0031
9368,0.9368,4.9716
9369,0.9369,4.9951
9370,0.937,4.9817
9371,0.9371,5.0122
9372,0.9372,4.9898
9373,0.9373,5.006
9374,0.9374,4.9859
9375,0.9375,5.0285
9376,0.9376,4.9834
9377,0.9377,5.0027
9378,0.9378,5.0395
9379,0.9379,5.0039
9380,0.938,4.9878
9381,0.9381,5.0098
9382,0.9382,5.0153
9383,0.9383,5.0136
9384,0.9384,4.9716
9385,0.9385,5.0039
9386,0.9386,4.9693
9387,0.9387,5.0287
9388,0.9388,5.0018
9389,0.9389,4.9939
9390,0.939,5.0107
9391,0.9391,5.0079
9392,0.9392,4.9832
9393,0.9393,5.0247
9394,0.9394,4.9971
9395,0.9395,4.9747
9396,0.9396,5.0214
9397,0.9397,5.0234
9398,0.9398,5.0193
9399,0.9399,5.0088
9400,0.94,4.9875
9401,0.9401,5.0146
9402,0.9402,5.0283
9403,0.9403,5.0128
9404,0.9404,5.0245
9405,0.9405,4.9892
9406,0.9406,5.0159
9407,0.9407,5.0146
9408,0.9408,4.9786
9409,0.9409,4.9766
9410,0.941,4.9901
9411,0.9411,5.002
9412,0.9412,5.0075
9413,0.9413,4.9974
9414,0.9414,4.9998
9415,0.9415,4.9991
9416,0.9416,5.0021
9417,0.9417,5.0094
9418,0.9418,5.0081
9419,0.9419,5.0
9420,0.942,5.0046
9421,0.9421,4.9941
9422,0.9422,5.0126
9423,0.9423,4.9933
9424,0.9424,5.0252
9425,0.9425,5.0004
9426,0.9426,5.0049
9427,0.9427,4.9895
9428,0.9428,4.9957
9429,0.9429,5.0032
9430,0.943,5.0011
9431,0.9431,4.9915
9432,0.9432,4.9835
9433,0.9433,5.0014
9434,0.9434,5.0031
9435,0.9435,5.009
9436,0.9436,5.0194
9437,0.9437,4.9961
9438,0.9438,4.9711
9439,0.9439,4.9987
9440,0.944,4.9733
9441,0.9441,4.9817
9442,0.9442,5.0161
9443,0.9443,5.0092
9444,0.9444,4.9912
9445,0.9445,4.9913
9446,0.9446,4.9995
9447,0.9447,4.9747
9448,0.9448,5.008
9449,0.9449,4.9956
9450,0.945,5.0282
9451,0.9451,4.985
9452,0.9452,5.0158
9453,0.9453,4.9907
9454,0.9454,5.016
9455,0.9455,4.9862
9456,0.9456,5.0118
9457,0.9457,4.9943
9458,0.9458,4.9885
9459,0.9459,4.9986
9460,0.946,5.0079
9461,0.9461,5.0069
9462,0.9462,5.0244
9463,0.9463,5.0131
9464,0.9464,4.9615
9465,0.9465,4.9949
9466,0.9466,4.9711
9467,0.9467,4.9951
9468,0.9468,5.0102
9469,0.9469,4.9809
9470,0.947,4.9832
9471,0.9471,5.003
9472,0.9472,4.9965
9473,0.9473,5.0245
9474,0.9474,5.0057
9475,0.9475,5.0088
9476,0.9476,5.027
9477,0.9477,4.9934
9478,0.9478,5.0008
9479,0.9479,4.986
9480,0.948,5.0047
9481,0.9481,5.0163
9482,0.9482,5.0213
9483,0.9483,5.0003
9484,0.9484,4.9902
9485,0.9485,4.9894
9486,0.9486,4.98
9487,0.9487,5.0027
9488,0.9488,5.0212
9489,0.9489,4.9654
9490,0.949,4.9683
9491,0.9491,5.0219
9492,0.9492,4.9768
9493,0.9493,5.0058
9494,0.9494,4.9821
9495,0.9495,5.0126
9496,0.9496,5.0126
9497,0.9497,5.0034
9498,0.9498,5.0133
9499,0.9499,5.0017
9500,0.95,5.0094
9501,0.9501,5.0282
9502,0.9502,5.0174
9503,0.9503,4.9911
9504,0.9504,4.9889
9505,0.9505,4.9974
9506,0.9506,4.9975
9507,0.9507,5.002
9508,0.9508,4.9919
9509,0.9509,5.0108
9510,0.951,5.0016
9511,0.9511,5.0064
9512,0.9512,5.0011
9513,0.9513,5.0102
9514,0.9514,4.9831
9515,0.9515,5.0247
9516,0.9516,5.0062
9517,0.9517,5.0078
9518,0.9518,5.0102
9519,0.9519,5.0173
9520,0.952,5.0121
9521,0.9521,5.0046
9522,0.9522,4.9983
9523,0.9523,4.9764
9524,0.9524,5.0043
9525,0.9525,4.9964
9526,0.9526,4.9964
9527,0.9527,5.0371
9528,0.9528,4.9732
9529,0.9529,5.0019
9530,0.953,5.0193
9531,0.9531,5.0155
9532,0.9532,5.0197
9533,0.9533,4.9821
9534,0.9534,4.9867
9535,0.9535,5.0104
9536,0.9536,4.9967
9537,0.9537,5.0268
9538,0.9538,5.0046
9539,0.9539,5.0041
9540,0.954,5.0078
9541,0.9541,4.9971
9542,0.9542,5.003
9543,0.9543,4.9911
9544,0.9544,5.0006
9545,0.9545,4.994
9546,0.9546,5.0051
9547,0.9547,4.98
9548,0.9548,4.9789
9549,0.9549,5.0081
9550,0.955,5.0046
9551,0.9551,4.9868
9552,0.9552,4.9979
9553,0.9553,4.9855
9554,0.9554,5.0319
9555,0.9555,4.9778
9556,0.9556,5.027
9557,0.9557,4.9889
9558,0.9558,5.0076
9559,0.9559,4.9973
9560,0.956,4.9956
9561,0.9561,5.0153
9562,0.9562,5.0135
9563,0.9563,4.997
9564,0.9564,4.9877
9565,0.9565,5.0324
9566,0.9566,5.0224
9567,0.9567,5.0034
9568,0.9568,4.9969
9569,0.9569,5.0057
9570,0.957,5.0026
9571,0.9571,5.0193
9572,0.9572,4.9868
9573,0.9573,5.0016
9574,0.9574,4.9896
9575,0.9575,5.0209
9576,0.9576,5.0284
9577,0.9577,5.0
9578,0.9578,5.0094
9579,0.9579,5.0224
9580,0.958,4.9969
9581,0.9581,4.9873
9582,0.9582,5.0169
9583,0.9583,5.0089
9584,0.9584,4.9982
9585,0.9585,5.0233
9586,0.9586,5.0049
9587,0.9587,4.9747
9588,0.9588,5.0066
9589,0.9589,5.0005
9590,0.959,5.0296
9591,0.9591,5.0011
9592,0.9592,4.9983
9593,0.9593,5.0079
9594,0.9594,5.005
9595,0.9595,4.9802
9596,0.9596,5.0032
9597,0.9597,4.9965
9598,0.9598,5.0224
9599,0.9599,5.0374
9600,0.96,4.9846
9601,0.9601,4.9869
9602,0.9602,4.9887
9603,0.9603,4.9915
9604,0.9604,4.991
9605,0.9605,5.0022
9606,0.9606,5.0177
9607,0.9607,4.9819
9608,0.9608,4.9783
9609,0.9609,4.9738
9610,0.961,5.018
9611,0.9611,5.0213
9612,0.9612,4.9784
9613,0.9613,4.9769
9614,0.9614,5.0033
9615,0.9615,5.0178
9616,0.9616,5.0166
9617,0.9617,5.0043
9618,0.9618,5.0116
9619,0.9619,5.0063
9620,0.962,4.9931
9621,0.9621,5.03
9622,0.9622,5.0014
9623,0.9623,4.9847
9624,0.9624,4.9944
9625,0.9625,4.9783
9626,0.9626,5.0017
9627,0.9627,5.0179
9628,0.9628,4.9824
9629,0.9629,5.0183
9630,0.963,5.0328
9631,0.9631,5.0071
9632,0.9632,4.984
9633,0.9633,4.9886
9634,0.9634,4.9964
9635,0.9635,4.9822
9636,0.9636,4.9827
9637,0.9637,4.9975
9638,0.9638,4.9987
9639,0.9639,5.0105
9640,0.964,4.9834
9641,0.9641,5.0295
9642,0.9642,5.0174
9643,0.9643,5.0148
9644,0.9644,4.9917
9645,0.9645,5.0275
9646,0.9646,4.9963
9647,0.9647,5.0287
9648,0.9648,5.0175
9649,0.9649,4.988
9650,0.965,4.9946
9651,0.9651,5.0295
9652,0.9652,5.0165
9653,0.9653,4.9991
9654,0.9654,5.0045
9655,0.9655,5.0044
9656,0.9656,4.9898
9657,0.9657,4.9984
9658,0.9658,4.9915
9659,0.9659,4.995
9660,0.966,5.0084
9661,0.9661,4.9871
9662,0.9662,5.0123
9663,0.9663,5.0031
9664,0.9664,5.0129
9665,0.9665,5.0148
9666,0.9666,5.0201
9667,0.9667,5.0109
9668,0.9668,5.0121
9669,0.9669,4.9987
9670,0.967,5.01
9671,0.9671,4.9879
9672,0.9672,4.9977
9673,0.9673,5.0127
9674,0.9674,5.0006
9675,0.9675,5.0081
9676,0.9676,4.9856
9677,0.9677,5.022
9678,0.9678,4.9928
9679,0.9679,5.0074
9680,0.968,5.0011
9681,0.9681,5.0154
9682,0.9682,4.9957
9683,0.9683,4.9864
9684,0.9684,4.9729
9685,0.9685,4.9968
9686,0.9686,4.9835
9687,0.9687,5.0095
9688,0.9688,5.0231
9689,0.9689,4.968
9690,0.969,4.982
9691,0.9691,5.0061
9692,0.9692,5.02
9693,0.9693,5.006
9694,0.9694,5.0063
9695,0.9695,5.009
9696,0.9696,5.0101
9697,0.9697,5.0261
9698,0.9698,5.0106
9699,0.9699,4.9828
9700,0.97,4.9943
9701,0.9701,5.0046
9702,0.9702,4.9892
9703,0.9703,4.9975
9704,0.9704,4.9935
9705,0.9705,4.9909
9706,0.9706,5.0119
9707,0.9707,4.9956
9708,0.9708,4.985
9709,0.9709,4.9906
9710,0.971,5.002
9711,0.9711,5.0332
9712,0.9712,5.0053
9713,0.9713,5.0238
9714,0.9714,5.0089
9715,0.9715,4.969
9716,0.9716,5.0071
9717,0.9717,4.9886
9718,0.9718,4.981
9719,0.9719,4.9852
9720,0.972,5.0284
9721,0.9721,4.9776
9722,0.9722,4.9921
9723,0.9723,5.0189
9724,0.9724,5.0114
9725,0.9725,4.9756
9726,0.9726,4.9997
9727,0.9727,4.9936
9728,0.9728,4.9985
9729,0.9729,5.0127
9730,0.973,4.9927
9731,0.9731,4.9966
9732,0.9732,5.0234
9733,0.9733,4.9736
9734,0.9734,4.9958
9735,0.9735,5.0085
9736,0.9736,4.9826
9737,0.9737,4.9919
9738,0.9738,4.9815
9739,0.9739,5.0037
9740,0.974,4.992
9741,0.9741,5.0133
9742,0.9742,5.0168
9743,0.9743,5.0021
9744,0.9744,4.9956
9745,0.9745,5.0053
9746,0.9746,5.0022
9747,0.9747,4.983
9748,0.9748,5.0176
9749,0.9749,5.0048
9750,0.975,5.0133
9751,0.9751,4.9808
9752,0.9752,5.0146
9753,0.9753,5.0332
9754,0.9754,5.0107
9755,0.9755,4.9794
9756,0.9756,5.0019
9757,0.9757,5.0005
9758,0.9758,5.0046
9759,0.9759,4.9978
9760,0.976,5.0088
9761,0.9761,4.9943
9762,0.9762,5.0048
9763,0.9763,4.9909
9764,0.9764,5.0028
9765,0.9765,5.0164
9766,0.9766,4.9939
9767,0.9767,5.0114
9768,0.9768,4.9879
9769,0.9769,4.9957
9770,0.977,4.9977
9771,0.9771,5.0202
9772,0.9772,4.9897
9773,0.9773,5.0197
9774,0.9774,4.9791
9775,0.9775,4.9989
9776,0.9776,5.0151
9777,0.9777,5.0118
9778,0.9778,4.986
9779,0.9779,4.9828
9780,0.978,5.0146
9781,0.9781,4.9822
9782,0.9782,5.0101
9783,0.9783,4.9934
9784,0.9784,5.0011
9785,0.9785,5.0364
9786,0.9786,5.0248
9787,0.9787,5.014
9788,0.9788,4.9804
9789,0.9789,5.0061
9790,0.979,5.0021
9791,0.9791,4.9997
9792,0.9792,5.0215
9793,0.9793,4.9752
9794,0.9794,5.0061
9795,0.9795,5.0032
9796,0.9796,4.9899
9797,0.9797,5.0274
9798,0.9798,4.982
9799,0.9799,5.0017
9800,0.98,5.0025
9801,0.9801,4.968
9802,0.9802,4.9795
9803,0.9803,4.9865
9804,0.9804,5.0132
9805,0.9805,5.0156
9806,0.9806,5.0102
9807,0.9807,5.0049
9808,0.9808,4.9679
9809,0.9809,5.0045
9810,0.981,4.9934
9811,0.9811,5.019
9812,0.9812,5.0216
9813,0.9813,5.0352
9814,0.9814,5.012
9815,0.9815,5.0136
9816,0.9816,4.9855
9817,0.9817,5.0024
9818,0.9818,4.9824
9819,0.9819,5.0148
9820,0.982,4.9831
9821,0.9821,4.9979
9822,0.9822,4.9887
9823,0.9823,4.9941
9824,0.9824,5.0081
9825,0.9825,4.9926
9826,0.9826,5.0045
9827,0.9827,4.9859
9828,0.9828,5.0224
9829,0.9829,4.9914
9830,0.983,5.0165
9831,0.9831,5.0337
9832,0.9832,4.9641
9833,0.9833,4.9861
9834,0.9834,4.998
9835,0.9835,5.0189
9836,0.9836,4.9938
9837,0.9837,5.0069
9838,0.9838,4.99
9839,0.9839,5.0097
9840,0.984,4.9827
9841,0.9841,5.0139
9842,0.9842,4.9556
9843,0.9843,4.9723
9844,0.9844,5.0288
9845,0.9845,5.0037
9846,0.9846,4.9875
9847,0.9847,5.0347
9848,0.9848,5.0171
9849,0.9849,5.0183
9850,0.985,4.9947
9851,0.9851,5.0106
9852,0.9852,5.0088
9853,0.9853,4.9758
9854,0.9854,5.0101
9855,0.9855,4.9983
9856,0.9856,5.0207
9857,0.9857,5.021
9858,0.9858,4.9913
9859,0.9859,4.9918
9860,0.986,5.004
9861,0.9861,5.0111
9862,0.9862,4.9948
9863,0.9863,4.9993
9864,0.9864,5.0104
9865,0.9865,5.0075
9866,0.9866,5.0188
9867,0.9867,5.0047
9868,0.9868,4.9875
9869,0.9869,4.9741
9870,0.987,5.0135
9871,0.9871,4.9959
9872,0.9872,4.9957
9873,0.9873,4.9966
9874,0.9874,4.9769
9875,0.9875,4.995
9876,0.9876,4.9611
9877,0.9877,4.9949
9878,0.9878,4.9873
9879,0.9879,5.0292
9880,0.988,5.0079
9881,0.9881,4.9977
9882,0.9882,5.0035
9883,0.9883,5.0122
9884,0.9884,4.9894
9885,0.9885,4.9975
9886,0.9886,4.9956
9887,0.9887,5.0392
9888,0.9888,5.0021
9889,0.9889,4.9708
9890,0.989,5.0132
9891,0.9891,5.0408
9892,0.9892,4.9863
9893,0.9893,5.0545
9894,0.9894,5.0
9895,0.9895,5.0164
9896,0.9896,4.9923
9897,0.9897,4.9968
9898,0.9898,4.982
9899,0.9899,4.9847
9900,0.99,4.968
9901,0.9901,5.0186
9902,0.9902,4.9833
9903,0.9903,5.0067
9904,0.9904,5.0061
9905,0.9905,4.991
9906,0.9906,5.0017
9907,0.9907,4.9995
9908,0.9908,4.9933
9909,0.9909,5.0017
9910,0.991,5.0017
9911,0.9911,4.9852
9912,0.9912,4.9809
9913,0.9913,4.9878
9914,0.9914,5.0028
9915,0.9915,5.0223
9916,0.9916,5.0236
9917,0.9917,5.0058
9918,0.9918,5.0155
9919,0.9919,5.0028
9920,0.992,5.018
9921,0.9921,5.0029
9922,0.9922,5.007
9923,0.9923,4.9965
9924,0.9924,5.0008
9925,0.9925,5.0303
9926,0.9926,4.9823
9927,0.9927,5.0009
9928,0.9928,4.9917
9929,0.9929,5.0157
9930,0.993,5.029
9931,0.9931,4.9961
9932,0.9932,4.9579
9933,0.9933,5.0104
9934,0.9934,5.0104
9935,0.9935,4.9748
9936,0.9936,4.9971
9937,0.9937,4.9998
9938,0.9938,4.965
9939,0.9939,5.0113
9940,0.994,5.0077
9941,0.9941,5.0046
9942,0.9942,4.9844
9943,0.9943,4.9898
9944,0.9944,4.991
9945,0.9945,5.0083
9946,0.9946,4.9855
9947,0.9947,5.0236
9948,0.9948,5.0067
9949,0.9949,4.967
9950,0.995,5.027
9951,0.9951,5.0033
9952,0.9952,4.9922
9953,0.9953,5.0024
9954,0.9954,4.9724
9955,0.9955,5.0037
9956,0.9956,4.9625
9957,0.9957,4.9849
9958,0.9958,5.0218
9959,0.9959,5.0204
9960,0.996,4.9954
9961,0.9961,4.9857
9962,0.9962,5.0153
9963,0.9963,5.0
9964,0.9964,5.004
9965,0.9965,5.0105
9966,0.9966,4.984
9967,0.9967,5.0131
9968,0.9968,4.9677
9969,0.9969,5.0235
9970,0.997,4.9762
9971,0.9971,4.9909
9972,0.9972,4.9903
9973,0.9973,5.012
9974,0.9974,5.0123
9975,0.9975,5.0063
9976,0.9976,5.0091
9977,0.9977,5.008
9978,0.9978,4.9995
9979,0.9979,4.9708
9980,0.998,4.9646
9981,0.9981,4.9647
9982,0.9982,4.9999
9983,0.9983,4.9971
9984,0.9984,4.9984
9985,0.9985,5.0041
9986,0.9986,4.9969
9987,0.9987,4.985
9988,0.9988,4.9771
9989,0.9989,4.9709
9990,0.999,5.0196
9991,0.9991,5.0148
9992,0.9992,4.9794
9993,0.9993,4.9963
9994,0.9994,5.0075
9995,0.9995,5.0255
9996,0.9996,4.9911
9997,0.9997,5.0033
9998,0.9998,5.0187
9999,0.9999,4.9733
